Zip.Code,V1
96950,0.15587918
96706,0.058008455
96816,0.032712632
96738,0.076838639
96793,0.061804335
95112,0.193548387
96818,0.034821679
96815,0.036892806
96806,0.094339623
96932,0.102579605
96712,0.045152722
98223,0.142857143
92704,0.272727273
96750,0.05670816
96740,0.070410367
85614,0.2
96812,0.55372136
96701,0.031817331
96813,0.033645333
96734,0.036604896
94111,0.0625
77467,1
96745,0.090284593
89117,0.144927536
96707,0.054204862
96814,0.036805208
96826,0.032827758
96821,0.014335146
95973,0.133333333
22041,0
95125,0.130434783
96931,0.095341278
91765,0.206896552
77459,0.5
90066,0.138888889
96789,0.026817089
96795,0.104333868
96768,0.051026393
96913,0.06506611
1001,1
96817,0.033750527
96929,0.093280632
85331,0.428571429
7052,0
7079,0.4
83705,0
92110,0.052631579
92104,0.052631579
92014,0.181818182
95109,0
89133,0.25
96921,0.115882474
96819,0.044438669
96942,0.363636364
96915,0.104770814
96704,0.051229508
96790,0.050241546
96911,0.085106383
96822,0.026379928
98422,0.166666667
98148,0
98198,0.1
98121,0.058823529
98118,0.2
94526,0.08
60467,0.5
2467,0.333333333
96910,0.078587699
96825,0.022147931
96725,0.063037249
96753,0.083082221
97365,0.142857143
98408,0.142857143
98444,0.136363636
98445,0.307692308
98409,0.428571429
96830,0.06012024
77040,0.333333333
96744,0.03280766
11363,1
1770,1
95036,0.5
28532,0
98188,0.25
98424,0.125
96756,0.058139535
96766,0.047853971
902,0
970,1
96778,0.08793456
96763,0.0672
96952,0.278008299
NA,0.133744856
31410,0.125
96924,0
53187,1
96799,0.260869565
96782,0.037360717
96836,0.097826087
89142,0.227272727
89122,0.173076923
     ,0.014285714
78374,0.5
92841,0.1875
96150,0.105263158
92685,0.666666667
92683,0.193548387
89434,0
89515,0.75
92354,0.111111111
96797,0.053520656
96792,0.110282365
92101,0.125
95054,0.142857143
89074,0.101449275
96770,0.071428571
96761,0.098303393
94930,0.166666667
33487,0
33071,0.833333333
96743,0.057509771
96720,0.045935762
97007,0.121212121
96781,0.073033708
92688,0.065217391
34714,0.5
34711,0.333333333
96721,0.062
96749,0.064754857
90050,0.5
530 0,1
96741,0.044827586
96705,0.033898305
96713,0.03030303
77056,0.25
92124,0.15
89523,0.086956522
89509,0.032258065
96732,0.064215914
98020,0
89180,0.333333333
96746,0.074750831
95120,0.133333333
96820,0.063636364
78213,0.727272727
96785,0.032653061
96714,0.079051383
33424,1
94550,0.093023256
94538,0.127272727
95126,0.136363636
95037,0.307692308
96839,0.042704626
96773,0.133333333
96788,0.040909091
83634,1
97702,0.05
91754,0.181818182
80104,0.142857143
80923,0.1
90210,0.294117647
90212,0.133333333
91932,0.333333333
93704,0.2
93720,0.058823529
28277,0
28210,1
34994,0
34953,0.5
93901,0.25
20715,0.5
96733,0.098408104
2134,0.111111111
30450,1
78634,1
95160,1
96765,0.046448087
96784,0.101010101
85254,0.295454545
85259,0.142857143
96912,0.105566219
91325,0.2
96752,0.058181818
95223,0.2
96754,0.088082902
94507,0.333333333
91105,0.111111111
70118,0
70130,0
70032,1
11421,0.333333333
79605,0.75
96367,0
29150,0
96767,0.105
96739,0.112781955
96729,0.111111111
98467,0.222222222
98327,0
57186,0.05
94544,0.229166667
94303,0.076923077
94043,0.16
97034,0.25
97224,0.090909091
92868,0.256410256
92130,0.076923077
90266,0.15
96722,0.04743083
94520,0.294117647
96762,0.078947368
96146,1
92663,0.075757576
89031,0.217391304
92708,0.1
98056,0.142857143
33607,0
85242,0.28125
85240,0.444444444
85140,0.615384615
96760,0.106463878
96810,0.036363636
92340,0.25
75252,0.333333333
78666,0.166666667
96717,0.086956522
95670,0.166666667
58201,1
91423,0.114285714
95620,0.090909091
95688,0.142857143
94534,0.172413793
96708,0.064377682
96755,0.064171123
92606,0.076923077
95020,0.388888889
92805,0.205882353
91910,0.36
92018,0.2
92660,0.035714286
86336,0.230769231
98281,0.2
84790,0
92629,0.125
94549,0
94523,0.086956522
92630,0.186440678
92705,0.14893617
92677,0.152941176
78006,0.1
85012,0
32801,0.25
85016,0.243902439
96823,0.071578947
80218,0.25
94027,0
94702,0.090909091
94607,0.045454545
94502,0.032258065
90620,0.3
91326,0
93021,0.3125
89109,0
89169,0.1875
92105,0.4
92103,0.125
92019,0.166666667
94619,0.15
92675,0.106382979
98033,0.117647059
92656,0.230769231
97068,0.066666667
83709,0.2
4110,1
95050,0.121212121
85296,0.463414634
94565,0.317073171
98271,0.125
98292,0.166666667
93160,0
93105,0
93108,0.166666667
91335,0.136363636
97229,0.066666667
91390,0.083333333
90049,0.086956522
91355,0.136363636
96728,0.097560976
96727,0.075848303
90810,0.25
49617,0.25
94589,0.304347826
89148,0.170731707
23453,0.5
94521,0.125
90230,0.227272727
91307,0.285714286
92679,0.065217391
92539,0.4
34102,0.5
89448,0.1
92845,0.416666667
90008,0.363636364
91403,0.111111111
94555,0.142857143
95076,0.055555556
90025,0.106382979
19004,0.333333333
91042,0.333333333
98402,0.25
95252,0.153846154
98058,0.095238095
94587,0.229508197
45244,0.5
94513,0.225806452
93610,0.5
89410,0.083333333
35575,0
35549,1
91040,0.416666667
90046,0.153846154
49769,1
90077,0
90402,0.333333333
87325,0
97355,0.5
95831,0.206896552
83864,0.333333333
98032,0.214285714
95677,0.3
91908,1
96941,0.259259259
94030,0.277777778
95003,0.12
33763,1
47201,0.333333333
97467,0.5
90640,0.12
91733,0.5
92120,0.166666667
97741,0.333333333
97437,0
97402,0.2
95051,0.075
90277,0.105263158
95991,0.083333333
11968,0.5
89052,0.13253012
89070,1
29455,0
29418,0
29944,0
89119,0.217391304
89121,0.119047619
10467,0.5
33936,0
92646,0.058252427
85086,0.304347826
96786,0.057712487
95834,0.545454545
94509,0.368421053
92804,0.209677419
91752,0.571428571
89135,0.113636364
87002,0.5
87060,1
96776,0.062893082
90802,0.166666667
92648,0.086956522
92647,0.111111111
96709,0.029850746
89141,0.055555556
99833,0.5
97444,0.25
95123,0.066666667
93657,0.5
96731,0.086092715
96837,0.086956522
95008,0.066666667
94020,0
98226,0.19047619
92056,0.074074074
96748,0.128834356
96764,0.085106383
33310,1
K8N2A,1
50140,1
33710,1
98362,0.222222222
80920,0
80918,0.2
76541,0.166666667
83814,0.142857143
94002,0
94017,0
94066,0.147058824
85258,0.166666667
92196,0
92028,0.227272727
92545,0.2
96791,0.090909091
92009,0.037037037
94533,0.294117647
8205,0.5
23832,0.5
10003,0
91505,0.238095238
92627,0.1875
29569,1
94014,0.230769231
96777,0.085106383
97030,0.117647059
96769,0.022222222
99169,1
96779,0.073298429
96726,0.03539823
92654,0.25
75001,0.230769231
96824,0.036697248
89085,0.222222222
80011,0.333333333
80013,0.066666667
34997,0
27518,0.333333333
89503,0.230769231
92865,0.227272727
96716,0.042105263
96319,0
79606,0
96710,0.125
60087,0
89123,0.103092784
52656,0
96960,0.186046512
96928,0.136442142
90048,0.173913043
95762,0.138888889
92071,0.208333333
89183,0.098039216
89139,0.120481928
89015,0.041666667
94114,0.1
94107,0
84770,0.1
29651,0.5
33037,0
96715,0.050847458
33026,0
33028,0
8641,0
45437,0
45305,0.5
33781,0
35181,1
97219,0.066666667
98116,0.1875
96796,0.038997214
84084,0
84070,0.5
44870,0.5
98513,0.130434783
95501,0.25
28307,0
93551,0.176470588
97225,0
97146,0
87499,0
33101,1
97478,0.5
94721,0
84721,0.5
90701,0.181818182
92832,0.071428571
90703,0.275862069
96099,0
97415,0.181818182
96022,0.25
94517,0
77007,0.5
98311,0.25
78539,0.333333333
78504,0.5
1915,0.666666667
32927,1
77096,0
98027,0.076923077
90068,0.105263158
91504,0.166666667
91030,0.142857143
739,1
80230,0.2
19320,0.333333333
19382,0.666666667
96719,0.072164948
N1T1R,1
84094,0
84096,0
84780,0.666666667
94547,0.294117647
90630,0.2
93245,0.166666667
95648,0.242424242
80223,0.4
32206,1
96266,0.111111111
80863,1
95959,0.0625
90505,0.178571429
V0N1G,1
96801,0.092307692
822,1
V6R2H,0.5
89113,0.088888889
96783,0.042328042
78642,0.5
27410,0
27419,0
27402,1
93103,0
8065,0
96204,0
96271,0
80362,1
92054,0.033333333
92058,0.153846154
92030,0
32225,0
94503,0.470588235
97520,0.19047619
89009,1
89104,0.272727273
80220,0.166666667
80130,0.142857143
94708,0.2
92562,0.259259259
89041,0
89048,0.125
85008,0.307692308
90504,0.189189189
90301,0.5
90278,0.069767442
89014,0.134615385
78640,0.666666667
95829,0.2
2047,1
92659,0.181818182
98321,0
98092,0.230769231
96804,0.055555556
98366,0.272727273
89144,0.064516129
89166,0.230769231
89128,0.186046512
89149,0.115384615
93546,0.142857143
84604,0.1
97080,0.166666667
93094,0.333333333
93065,0.117647059
96828,0.042253521
77288,1
33064,0
33462,0.5
27979,1
29416,1
33419,0
29431,0
92234,0.35
80302,0.181818182
97701,0.041666667
89140,0.2
92620,0.104166667
87113,0.5
55379,0
90026,0.166666667
94552,0
94965,0.066666667
77449,0.5
53711,0.333333333
53705,0.5
96718,0.03125
92121,0.166666667
92024,0.166666667
94561,0.4
78704,0.142857143
33498,0
89102,0.142857143
92117,0.041666667
92138,0.5
92116,0.333333333
94590,0.25
93463,0.2
93111,0.111111111
80123,0.214285714
92037,0.037037037
32811,0
8053,1
78691,0.5
95132,0.066666667
9338,0
46235,0
23459,1
92253,0.1
96803,0.063829787
89533,0.333333333
30044,0
31917,1
81507,0.5
10469,0
11226,0.5
45440,0.25
95961,0.142857143
95685,1
96737,0.070866142
91745,0.3125
83702,0
83706,0.285714286
98368,0.181818182
83858,0.5
83815,0
94901,0.074074074
35640,1
94062,0.111111111
98133,0.055555556
99502,0
26508,0.25
96857,0.166666667
8833,1
32814,0
94403,0.086956522
93722,0.269230769
95722,0.285714286
92694,0.086956522
92203,0.090909091
92057,0.125
96916,0.160305344
98277,0.090909091
37128,0.5
92614,0.095238095
90065,0.222222222
96742,0
81501,0.5
94928,0.16
95401,0.181818182
21114,0.2
91761,0.368421053
97008,0.1
2639,0
36602,1
90274,0.055555556
81122,0
93955,0.083333333
11378,1
10023,0.055555556
94087,0.074074074
57745,0
57702,0.111111111
330,1
95616,0.107142857
95672,0
96774,0.105263158
91945,0.285714286
80424,0.2
21210,0
20001,0.142857143
20906,0
76012,0.333333333
95825,0.130434783
96218,0.142857143
94536,0.066666667
33119,1
89403,0.384615385
86405,0.333333333
92625,0.023255814
92270,0.2
91913,0.3
65802,0.2
65804,0.5
89505,1
33482,1
89506,0.133333333
89508,0.333333333
89138,0.368421053
32127,0.666666667
89110,0.466666667
86442,0.363636364
77393,0
2898,1
91911,0.19047619
95032,0
95129,0.115384615
90702,1
90804,0.238095238
90806,0.357142857
29464,0.333333333
94608,0.071428571
78720,1
29483,0.5
60067,0
90502,0.444444444
85041,0.358974359
85066,0.285714286
85339,0.4375
91041,0
33614,0
34683,0
75087,0.333333333
75034,0.2
98119,0
98126,0.2
94591,0.181818182
94966,0.285714286
77057,0.333333333
30518,0
30024,0.625
60615,0
23294,0.5
92507,0.0625
98383,0.157894737
85282,0.547619048
77339,0.25
96919,0
98272,0.5
77090,0.5
28215,0.666666667
85205,0.214285714
85211,1
92026,0.166666667
34114,0
32328,0
77550,1
32821,0.8
74011,0.5
89502,0.133333333
94514,0
94505,0.230769231
98011,0.083333333
97624,1
32822,0.75
98030,0.2
32780,0.285714286
84010,0.25
84054,0.333333333
48316,1
48045,1
32220,1
91605,0.230769231
97754,0
76544,0.181818182
78233,0.285714286
60614,0.153846154
34606,1
92551,0.5
99212,0.333333333
90032,0.416666667
85285,0.6
89108,0.175
97124,0.093023256
89129,0.12195122
33622,0
33544,1
60015,0.333333333
98108,0.6
97526,0.076923077
32506,0.5
96923,0.130909091
60073,0.5
3814,0
89002,0.153846154
80204,0
80206,0.2
2283,1
32730,1
92649,0.086956522
82523,0
95684,0.5
82520,0
82501,0.5
80601,0
80603,0
80602,0.25
3105,1
95135,0
95122,0.25
89011,0.173913043
92066,0.5
99708,0.4
85044,0.342105263
89134,0.071428571
93950,0.1
95136,0.045454545
94089,0.071428571
94112,0.128205128
94080,0.214285714
7675,0
33434,1
85224,0.36
89147,0.118644068
60074,0.4
55121,0
55122,0.125
96771,0.089361702
97128,0
95014,0.088235294
99707,0.333333333
92336,0.4
65712,0.5
97306,0.181818182
10163,0.5
95336,0.333333333
55906,1
90041,0.24137931
85621,0
33813,0.166666667
94541,0.114285714
96747,0
95682,0.176470588
36530,0
32583,0.25
96917,0.180555556
89179,0.071428571
89178,0.076923077
11379,0.166666667
99209,0
55119,0.666666667
90247,0.2
6033,0.333333333
94920,0
94952,0.259259259
75080,0.166666667
85034,1
95242,0.117647059
96557,0
92592,0.05
35816,0.25
90057,0.5
32417,0.25
40299,1
85635,0.117647059
85613,0.5
20165,0
93611,0.375
90710,0.428571429
98087,0.083333333
98503,0.136363636
22405,0.25
75020,0
75021,1
97222,0.2
91354,0.357142857
98034,0.043478261
94941,0.095238095
85385,0.5
46815,0
33767,1
33777,0
80106,0
80932,1
21207,0.6
21229,0
93550,0.533333333
90291,0.230769231
28211,0.142857143
97443,1
73086,1
65807,0.5
92038,0.166666667
98498,0.090909091
71459,0.333333333
97325,0
97317,0
97302,0.153846154
98012,0.034482759
98042,0.095238095
8723,1
96730,0.055555556
76016,0
76017,0.25
29609,0.25
91792,0.090909091
91789,0.238095238
77429,0.166666667
78418,0.285714286
34777,1
92806,0.222222222
90805,0.419354839
29203,1
80015,0.222222222
15642,1
96156,0
92177,0
94931,0.125
95691,0.142857143
98684,0.153846154
78703,0.333333333
91941,0.090909091
94016,0
94602,0.12
89053,0.333333333
99687,0.333333333
85050,0.142857143
60005,1
92139,0.2
99692,0
10025,0.058823529
11101,0.4
29406,0.25
29420,0.5
91601,0.15
92373,0.137931034
55312,1
55386,0
55104,0.5
76549,0.24
76543,0.166666667
7024,0
10018,0
10036,0
10026,0.666666667
91977,0.105263158
96951,0.183908046
96809,0.02173913
79904,0.4
36078,0
36092,0
95073,0.2
85053,0.28125
85255,0.130434783
92618,0.076923077
32606,0
91776,0.2
91744,0.32
55901,0.375
90755,0.307692308
90241,0.210526316
90650,0.15
90651,0
90242,0.076923077
46278,0
46250,0
46204,0
97213,0.2
97220,0.1
30401,1
18951,0.5
97006,0.06
90742,0.333333333
95164,0
76040,0.333333333
92801,0.2
90621,0.357142857
33160,0.25
34236,0
92651,0
77042,0.2
77079,0.142857143
75243,0
75098,0.333333333
89086,0.2
93612,0.285714286
73503,0.111111111
32233,0.333333333
17331,0
21061,0
17554,0
17325,0
20007,0.0625
11784,1
28303,0.5
86314,0.333333333
94535,0.142857143
77385,0.25
59801,0.076923077
59808,0.2
94501,0.068965517
94546,0.14
32539,0.333333333
92154,0.263157895
78840,0
78843,0
98682,0.222222222
52241,0.25
60601,0.2
92025,0.0625
96546,0.125
70810,0
70898,0
70037,1
85755,0
85739,0.277777778
22042,0
80910,0.5
97062,0.090909091
97223,0.130434783
81328,1
43130,1
78230,0.25
277-0,0.5
20740,0.5
90034,0.113636364
80902,0.8
74137,0.2
28323,0
92584,0.210526316
92834,0.5
89030,0.25
89118,0.125
89103,0.19047619
82901,0
13612,0
9322,0
73538,0.5
33137,0
33021,0.285714286
89145,0.105263158
32825,0
85364,0.2
85367,0
33811,0.5
96703,0.093567251
89081,0.357142857
89115,0
76209,1
89120,0.294117647
92311,0.4
84116,0.5
98003,0.071428571
91710,0.214285714
91709,0.236842105
85035,0.65
90706,0.340909091
85015,0.461538462
89126,0
98665,0.166666667
92260,0
83854,0.25
97215,0.125
92316,0.428571429
92337,0.5
91788,1
84128,0.5
92701,0.111111111
95490,0.125
98372,0
98001,0.1875
98178,0.153846154
93222,1
90043,0.428571429
95304,0.285714286
89032,0.066666667
95376,0.333333333
90745,0.307692308
85017,0.375
94578,0.125
92882,0.1
92530,0.3
90006,0.214285714
90007,0.181818182
92223,0.15
75248,0.166666667
60618,0
85233,0.263157895
98045,0.4
8879,1
93535,0.526315789
75104,0.5
98106,0
68112,0
68147,0.5
92833,0.363636364
98390,0
98391,0.153846154
93711,0.25
70445,1
54017,0.333333333
1845,0
1810,1
1801,0
91768,0.75
94558,0.127272727
94559,0.24137931
94134,0.230769231
32601,1
91311,0.210526316
91303,0.285714286
75110,1
94044,0.172413793
90503,0.068965517
33458,0.5
93510,1
92782,0
98901,0.2
48376,0
48167,0.5
44235,1
91401,0.3125
37212,0.4
95340,0.166666667
37841,1
90609,0
90603,0.307692308
97035,0.166666667
94061,0
95148,0.333333333
84032,0.666666667
94947,0.266666667
91706,0.090909091
85390,0.4
99336,0.2
34747,0.25
93010,0.066666667
92506,0.25
90732,0.133333333
92690,0
75082,0.428571429
90632,0.5
2471,1
48329,0.2
31539,1
91352,0.25
78660,0.285714286
78753,0.5
93637,0.142857143
27408,0.5
8844,0
18042,0
95110,0.466666667
90715,0.181818182
94560,0.217391304
92886,0.078947368
78258,0
78260,0.166666667
94131,0.176470588
94118,0.135135135
98499,0.083333333
21046,0.5
94598,0.051282051
85267,0.25
85383,0.151515152
85376,1
93635,0.142857143
92508,0.111111111
92591,0.277777778
94506,0.071428571
95448,0.2
95864,0.117647059
89131,0.133333333
60430,0
85209,0.222222222
96080,0.2
92532,0.1
30646,0
95446,0
96401,1
89436,0.045454545
89441,0.5
95945,0.181818182
78501,0.5
43123,0.5
96310,0
92136,1
83227,1
88061,0.2
32901,0.333333333
86409,0.333333333
11222,1
M1L1L,1
390-0,0.5
96772,0.09
7036,1
32903,0
61614,0
61604,1
61554,0
91915,0.153846154
40213,0.5
79934,0
77015,1
75240,0
75081,0.5
34677,0.333333333
92083,0.125
76039,0.166666667
90501,0.193548387
89084,0.058823529
33355,1
89033,0.166666667
89173,0.142857143
9045,0
13211,1
85048,0.379310345
85238,0.382352941
85138,0.333333333
20653,0
98548,0.25
106,0.5
99202,0.333333333
-64,1
96827,0.072463768
91321,0.230769231
49078,0
23505,0
23513,1
30534,0
91204,0.333333333
95820,0.666666667
90024,0.047619048
90045,0.081081081
90012,0
92310,0
88310,0.333333333
78413,0.285714286
92277,0.181818182
97305,0.166666667
343,0
89137,0
89162,0.5
94603,0.285714286
78265,1
90027,0.2
90013,0.25
11354,0
11358,0.25
14172,1
90015,0.125
2840,1
32653,0.333333333
93118,0.5
91951,1
92555,0.615384615
13601,0.333333333
77066,0
91606,0.272727273
96940,0.128571429
85207,0.357142857
85396,0.263157895
83301,0.666666667
85204,0.375
95381,1
91402,0.25
93230,0.333333333
85326,0.490196078
94525,0
91367,0.2
20721,0.5
90042,0.181818182
91702,0.5
95128,0.090909091
30281,0
33144,1
85243,0.291666667
94954,0.294117647
94806,0.310344828
32218,0.166666667
11370,1
90028,0.181818182
92612,0.032258065
85283,0.195121951
21757,0
21774,0.333333333
85743,0.166666667
85379,0.40625
85607,0.6
90807,0.264705882
85206,0.333333333
85216,0.333333333
55391,0.2
95547,0.333333333
19702,0.333333333
93030,0.214285714
95207,0.235294118
90020,0.208333333
48383,0
48430,0.5
92220,0.181818182
95658,0
93033,0.214285714
93012,0.142857143
93436,0.2
15317,0
26003,0.5
7504,1
94577,0.184210526
93924,0.090909091
90201,0.285714286
45669,0.5
32137,0
30121,0
30120,1
89521,0.052631579
91730,0.256410256
72430,1
69355,0
69145,1
70665,0
70668,0
92821,0.166666667
85220,0.4
95422,0.333333333
85306,0.416666667
92119,0
83835,0.333333333
95403,0.147058824
91506,0.166666667
91764,0.285714286
85323,0.358490566
85284,0.277777778
91724,0.111111111
92503,0.304347826
90631,0.148148148
95215,0.166666667
95609,0.166666667
85222,0.5
94402,0.25
95954,0.333333333
75035,0.285714286
91411,0.071428571
85308,0.355555556
85033,0.090909091
92377,0.2
93308,0.25
81505,0
81503,0
92069,0.235294118
85340,0.2
95380,0.071428571
86335,0
92128,0.125
30126,0.5
92064,0.086956522
90731,0.304347826
85335,0.458333333
98221,0.083333333
97321,0.5
19952,1
36605,0
36401,1
94115,0.1
59912,0.25
85239,0.125
90638,0.5
85225,0.325
90623,0.076923077
7728,0.5
90290,0.125
85653,0
90004,0.071428571
92376,0.25
94580,0.12
92010,0
92707,0.227272727
85051,0.444444444
11373,0.166666667
92691,0.071428571
92692,0.108695652
85040,0.541666667
93614,0
93644,0.333333333
86406,0.2
92544,0.25
31313,0.142857143
33073,0.25
90063,0.428571429
95822,0.066666667
7031,1
30188,0.333333333
16148,0.333333333
97206,0.076923077
93561,0.076923077
21074,1
91766,0.222222222
55313,1
95661,0.045454545
88011,0.222222222
6320,0.5
90660,0.384615385
93455,0.176470588
85248,0.166666667
85286,0.25
90680,0.263157895
91016,0.1875
98902,0.25
28213,1
91746,0
60422,0
94611,0.037735849
94609,0.0625
80908,0.166666667
90016,0.285714286
92335,0.6
92407,0.352941176
85388,0.333333333
85006,0.285714286
85027,0.414634146
85345,0.377777778
90723,0.333333333
91320,0.166666667
91750,0.157894737
94710,0.166666667
90255,0.428571429
85302,0.321428571
92549,0
85374,0.21875
85249,0.21875
91103,0
75077,0
75013,0.166666667
85042,0.342857143
86326,0.375
92392,0.384615385
92394,0.25
76542,0.045454545
93710,0.166666667
95956,1
92114,0.15
85281,0.310344828
55109,0
91780,0.222222222
91010,0.142857143
95367,0.384615385
95356,0.166666667
48187,0.25
94063,0.6
11791,0.5
22304,0.142857143
22554,0.166666667
37401,0
37409,1
92672,0.087719298
85268,0.142857143
85269,1
85212,0.272727273
21045,0.2
21113,0.25
96925,0.333333333
94939,0.166666667
92504,0.315789474
90232,0.066666667
90401,0.2
91773,0.137931034
30582,1
81132,0.333333333
11234,1
85371,1
96002,0.111111111
96151,0.3
82801,0.2
96016,0
89130,0.2
98607,0.25
53708,0.5
97401,0.105263158
99352,0.333333333
91604,0.1
33409,1
85275,0
85299,0.666666667
68164,0
85731,1
66442,0
96003,0.074074074
95060,0.096774194
8251,1
95826,0.076923077
95608,0.235294118
90022,0.2
85305,0.285714286
85310,0.076923077
85014,0.35
85020,0.272727273
61734,1
60652,1
80120,0.166666667
12309,0.5
92831,0.055555556
92780,0.268656716
63026,0.5
91405,0.153846154
75052,0.1
85024,0.153846154
V0N2L,0
96152,0
96155,0.5
60083,1
60031,0
92126,0.128205128
92123,0.166666667
59602,0.285714286
92604,0.192307692
92610,0
92870,0.25
94568,0.044444444
81212,0.333333333
42749,0.5
92301,0.5
92395,0.4
92020,0.166666667
10940,1
95133,0.230769231
95106,0.5
91739,0.235294118
95357,0.142857143
95355,0.210526316
85022,0.432432432
95963,0.5
85143,0.461538462
75254,0.8
38201,1
98662,0.076923077
95667,0.095238095
97123,0.066666667
90605,0.222222222
90604,0.125
90601,0.2
87144,0.2
21009,0.5
95249,1
95741,0
85203,0.428571429
93063,0.086956522
92423,0.5
95628,0.219512195
12926,1
91387,0.277777778
94704,0
94703,0.052631579
94597,0.147058824
91741,0.25
40484,1
95742,0.142857143
98175,0
98165,0.5
93726,0.25
93706,0.2
93727,0.230769231
55060,0
85295,0.28
85297,0.411764706
98023,0.086956522
98004,0.095238095
75088,1
48065,1
91203,0.25
36695,0.5
94530,0.095238095
37040,0.333333333
95366,0.166666667
94588,0.15625
85004,0
60632,0
60464,1
98026,0.055555556
45245,0
92637,0
92415,0
90606,0.142857143
95212,0.214285714
95382,0.133333333
86351,0
86325,0.2
85219,0.166666667
85251,0.086956522
48051,1
94975,0
95451,0.25
95988,0
81650,1
92173,0.5
2817,0.5
54229,0
43311,0
6518,0
6405,0
6415,0
6457,0.5
85201,0.333333333
23701,0
23321,0.142857143
90712,0.235294118
90815,0.178571429
92108,0.033333333
80127,0.111111111
92084,0.058823529
99504,0.058823529
93927,0.5
98019,1
93619,0.111111111
76234,1
8051,1
94531,0.111111111
86403,0.222222222
85068,0.4
95746,0.166666667
93517,0.5
34786,0.5
91031,0.25
92835,0.25
85208,0.266666667
99709,0.1
97132,0.214285714
47519,1
91107,0.210526316
89702,0
89507,0.166666667
95377,0.214285714
85246,0.5
85355,0.416666667
92703,0.4375
90023,0.333333333
60714,1
34996,0.25
85329,0.5
7001,1
17001,0
11418,0.666666667
43607,1
95492,0.15
92106,0.125
95630,0.055555556
95841,0
77399,0.166666667
30062,0
30075,0.333333333
85226,0.228571429
85213,0.19047619
95823,0.25
45502,1
90005,0.142857143
93940,0.033333333
20147,0.166666667
92027,0.1875
93465,0
93446,0.166666667
95865,1
97203,0.090909091
34610,0.666666667
85247,0.75
92563,0.217391304
85082,0.2
92307,0.222222222
95370,0.090909091
37218,1
95816,0.1
84157,1
50702,0.5
92252,0.5
92261,0.2
64014,0.5
85747,0.181818182
60178,0.25
93728,0.166666667
89460,0.142857143
44138,0.333333333
90260,0
90250,0.275862069
91406,0.3125
53228,1
94132,0.25
92843,0.3
94109,0.055555556
85028,0.3125
92840,0.28125
2703,0.5
45414,0.5
91701,0.181818182
90047,0.375
92596,0.25
4742,1
85293,0
85193,1
98528,0
91740,0.454545455
85392,0.255813953
98122,0.058823529
91351,0.4
93552,0.3
93311,0.133333333
98604,0.111111111
29423,0
29154,1
95035,0.285714286
21030,1
85023,0.277777778
92325,0.5
55426,0
94960,0.071428571
8060,0.5
85120,0.307692308
91202,0
93291,0.333333333
55439,0.5
89012,0.111111111
95828,0.157894737
92501,0
92399,0.133333333
60661,0
60610,0
60642,0.5
54843,0
55403,0.25
93004,0.272727273
97439,0.25
86018,0.5
86001,0.052631579
83869,0
80527,0.5
94596,0.071428571
97005,0
93523,0
93560,0.25
13903,1
6370,0.666666667
98037,0.076923077
28376,0.222222222
10011,0.083333333
96759,0.12
98031,0.178571429
93285,0
93536,0.142857143
98250,0
98225,0
98227,0
70115,0.333333333
98433,0
9185,0
9096,0
75154,0
98595,0
72565,1
30349,0.666666667
84106,0.111111111
48917,1
95111,0.133333333
39121,1
98816,1
80446,1
95610,0.041666667
95842,0.3
8009,1
94128,0.333333333
30039,0.5
94942,0.2
45434,0.333333333
7304,0.666666667
34232,0.142857143
94011,0.333333333
95758,0.15625
9036,1
15211,0.5
98270,0.066666667
37918,0.5
99324,0
95838,0.5
32837,0.166666667
93389,1
98105,0
98115,0.066666667
95209,0.210526316
98055,0.076923077
95476,0.047619048
89701,0.222222222
94404,0.032258065
91350,0.176470588
91324,0.166666667
706,0.5
27713,0.5
94803,0.0625
89112,1
96555,0
7105,0
91921,0.5
41101,0
40509,0
95835,0.1
48131,0.333333333
76033,0.5
2472,0.4
61832,1
33823,0.333333333
89160,0.333333333
43783,1
34452,1
55412,1
95118,0.133333333
98208,0.071428571
32712,0.5
95901,0.153846154
22201,0.333333333
97202,0.153846154
75951,0.5
85365,0.105263158
89027,0.222222222
38018,0
38088,0.333333333
91344,0.066666667
30122,1
68048,0
65605,1
85629,0.133333333
90292,0.064516129
32403,0
32404,0.25
33158,0
33024,1
54152,1
92232,1
78254,0.111111111
90733,0
93035,0.2
91358,1
55405,0.2
89107,0.3
99503,0
99515,0.222222222
99524,0.166666667
58763,1
98520,0.285714286
33161,0.25
94015,0.159090909
92374,0.071428571
76123,0.5
98102,0.0625
94585,0.208333333
89044,0.037037037
97440,0.5
89451,0.083333333
91304,0.04
11102,0.125
32810,0.5
60119,1
60559,0.25
10128,0
10009,0.111111111
10012,0
10014,0.166666667
95763,0.75
78731,0.5
90637,0.5
80138,0.142857143
54981,0
58530,1
32405,0.25
91715,0
36362,0
36330,0.25
63385,0.2
32073,0.166666667
31098,0
31005,0
31088,0.166666667
80913,0.5
11201,0.166666667
21014,0.333333333
63873,0
23150,1
33102,0.111111111
84041,0.2
95350,0.111111111
88240,0
30064,0.5
43050,1
60088,0
96848,0
27701,0.5
R3T6A,1
98509,0.5
75116,1
564-0,1
80524,0.142857143
98512,0.125
95966,0.222222222
901,0.333333333
89170,0.333333333
96542,0
85373,0.363636364
95373,0
80012,0.142857143
98632,0.166666667
84043,0.285714286
84045,0
77064,0.666666667
96751,0.093023256
30318,0.2
92115,0.090909091
20849,1
95765,0.136363636
95747,0.114285714
95015,0.5
83714,0.25
98501,0.0625
1252,1
59404,0.333333333
63764,1
89433,0.25
60625,0.333333333
96780,0.025641026
91501,0.181818182
78745,0
78664,0.428571429
93906,0.285714286
77073,0.5
73045,1
92626,0.098765432
98166,0
90019,0.130434783
33330,1
75189,0
85650,0.111111111
94010,0.032258065
19454,0.333333333
21719,1
98335,0.15
98466,0
80212,0.25
32792,0
55459,0
81657,0
W139U,1
19308,1
97756,0.142857143
92546,0.5
76001,1
89156,0.222222222
2130,0.2
90211,0.166666667
33143,0
33133,0.25
31768,1
97058,0
98052,0
85631,0.5
48307,1
92127,0.105263158
96808,0.026315789
33178,0
91503,1
89105,0.2
34209,0.2
87001,0
87114,0.090909091
95662,0.3
30357,1
8724,1
91009,0
33029,0
77535,0
77532,1
85085,0.142857143
75181,0
76002,0.571428571
-2,1
97031,0.5
80917,0
92363,0
60440,0.333333333
31905,0.142857143
93036,0.214285714
97504,0.074074074
93534,0.428571429
92332,1
95437,0
54409,0.5
78746,0.166666667
10604,0.5
59718,0
59601,0.25
91104,0.166666667
3242,0
3221,0
3110,0.2
3820,0.2
83871,1
95632,0.083333333
94545,0.172413793
34207,0
34205,0
34231,0.25
98661,0.142857143
78217,0.1
92129,0.037037037
90018,0.222222222
10013,0.333333333
96103,0.2
80047,0.5
5152,0
44017,1
92286,0
85735,0.5
94709,0
94801,0.307692308
94804,0.28
2740,1
27549,0.5
80247,0.076923077
92078,0.055555556
98663,0
75068,0
49406,1
43015,0
43234,0
43003,1
97411,0.333333333
86301,0.2
92255,0
92211,0.04
98065,0
98597,0.1
91377,0.2
92008,0.176470588
90717,0.277777778
28036,0
30097,0
30022,0.166666667
5444,0
94110,0.125
86404,0
51147,1
98502,0.071428571
86304,0.2
89013,0
98370,0
33351,0.5
98258,0.142857143
94566,0.047619048
99835,0
92807,0.173913043
10002,0.066666667
97304,0.285714286
97101,1
50125,1
74008,0.5
92235,0
93555,0
33954,0.5
59937,0.75
72941,1
677,0
14850,0
94518,0
97496,0
92706,0.19047619
97060,0.2
80122,0.5
28655,1
85043,0.391304348
89511,0.025641026
85037,0.4
93023,0
93024,0
90406,0.333333333
78253,0.076923077
94085,0.066666667
83150,1
94583,0.073170732
95678,0.103448276
92802,0.066666667
98651,0
37421,0
37424,1
11763,0
80970,1
95062,0.111111111
94120,0
80817,1
20901,0.25
76832,1
47408,0
44120,0
52245,0.5
74451,1
45150,1
95926,0.166666667
84091,1
42223,0
37042,0.125
92653,0.162162162
99516,0
89029,0
89028,0.142857143
76244,0
80538,0
80539,0
68102,0.333333333
90714,0.333333333
60090,0.333333333
92107,0.095238095
32860,1
30009,0.5
93001,0
93002,0.666666667
84123,0
30814,1
10031,0.142857143
H1Z3T,1
2118,0.25
89036,0.333333333
T0H1Z,0
V2G4Y,1
90249,0.125
44135,1
L4J4T,0
T3H5S,1
32458,1
33401,0.333333333
13490,1
92410,0.142857143
93274,0.3
98296,0.285714286
98107,0.095238095
95428,1
92011,0
94510,0.085714286
67301,0.5
98021,0
1247,1
92658,0.1
96158,0.2
90010,0.1
90036,0.060606061
64763,0
64776,0.5
77302,1
99712,0.333333333
30084,0.5
63701,0
63755,0.5
77024,0.333333333
94117,0.081081081
98584,0.125
89512,0.111111111
98093,0.25
32746,0.333333333
32773,0
32738,0.333333333
29053,0
29063,0
29036,0.333333333
98908,0.333333333
96930,0.1
91914,0
48823,0
77845,0
77840,0.2
34602,0
76135,0.333333333
51501,0.5
51503,0
57701,0
64029,0.5
33316,0
91762,0.5
32904,0.25
75007,0
22153,0.166666667
77494,0.2
96162,0.2
33461,0.333333333
530-0,0.5
89146,0.083333333
33009,0
35504,0
60174,0.5
53144,0.333333333
78681,0.2
83642,0.2
92652,0.090909091
29118,0
29650,0.333333333
92861,0.111111111
57785,0.5
73162,0
96835,0
98005,0
91207,0
91206,0.235294118
68003,0
69162,0.666666667
T6J6V,1
93314,0.25
84097,0.25
98040,0.0625
2886,1
98146,0
92887,0.0625
47404,0
8755,1
V0R2W,1
4030,0.5
92602,0.125
89510,0.5
83616,0
86315,0.5
1721,1
90275,0
89423,0
2034,1
95432,0.5
85260,0.192307692
80301,0.111111111
3782,0
95227,0
98903,0
98112,0.090909091
92603,0.034482759
94515,0
92264,0.166666667
98009,0
33483,0.5
85307,0.388888889
97463,0.5
92191,0
91729,0
95603,0.142857143
1460,0
23005,1
33131,1
95709,0.5
97424,0.666666667
80233,0.2
15301,0
50678,1
11743,0
15005,1
92881,0.181818182
84124,0.2
15227,0
97347,0
98332,0
92324,0.230769231
87111,0.083333333
79424,1
73008,1
529,1
53185,1
92509,0.3
85029,0.4
85353,0.40625
60008,0.25
78240,0.2
83638,0.5
91362,0
91301,0.3
95843,0.291666667
98041,0
98028,0.333333333
92040,0.1
93305,1
77502,0.666666667
92345,0.428571429
27603,0.333333333
1904,0.5
23608,0.142857143
40141,1
78626,0.333333333
60640,0
91101,0.166666667
23604,0
23602,0.285714286
95391,0.090909091
79412,0.5
94142,0.5
21201,0
76522,0
8610,0.5
30297,1
90220,0.461538462
95695,0.166666667
1842,1
40175,0
40155,1
80237,0
80121,0.666666667
80205,0
22620,1
89429,0
78244,0.25
91790,0.375
95611,0
95621,0.25
85210,0.25
85541,0.363636364
94564,0.090909091
91384,0.142857143
92505,0.352941176
29906,0.5
80259,0
19943,0
32118,0.5
75701,0.5
13108,0
11374,0.5
95683,0.2
95993,0.066666667
70791,1
33859,1
82072,0.333333333
94805,0.166666667
43235,0
94579,0
85223,0.8
98043,0.153846154
93257,0.142857143
81647,0.5
91732,0.714285714
91734,0
90017,0
92346,0.185185185
93456,0.6
97070,0
20735,1
34748,0
34788,0
32179,1
19081,0.5
91755,0.071428571
78641,0.333333333
50801,1
23462,0.3
10954,0.5
60194,0
85719,0.25
94301,0
94019,0
94302,1
90029,0.416666667
90713,0.166666667
48377,0.333333333
48390,0
48220,1
48067,0
85369,0
85736,0
85741,0.19047619
90003,0.333333333
92543,0.2
93277,0.125
77044,0.25
94108,0
85244,0
95642,0
95245,0.25
85304,0.4
1951,1
22031,0
32256,0.2
17772,0
20186,0
22724,0
22033,0.25
35173,1
92883,0.235294118
48021,0.333333333
38135,0.333333333
81001,0
81002,1
23451,0
23454,0
32244,0.142857143
78617,0
32824,0.333333333
77084,0.125
95156,0
91209,1
28412,0.333333333
92344,0.333333333
95924,0
33309,0.2
32114,0.5
38117,0.5
94938,1
94705,0.076923077
87501,0.1
85009,0
85063,1
80640,1
90280,0.454545455
92122,0.083333333
98387,0.19047619
95138,0
95121,0.235294118
3304,0.5
49519,0
49505,1
4027,1
60608,1
1752,1
90303,0.25
1082,1
96205,0.125
92075,0.076923077
90245,0.166666667
92662,0.133333333
93041,0.1875
84015,0.333333333
73071,0.2
73068,0
78227,0.8
78242,0
85202,0.48
76227,1
96944,0.166666667
10306,0.5
7047,0.5
99517,0
77338,0.142857143
80129,0
77478,0.1
46804,0.5
11220,0.25
78228,0.5
95338,0.333333333
95463,1
60016,0
92262,0.058823529
12531,0.5
94706,0
94122,0.024390244
94130,0.2
94951,0
37387,1
39110,0.333333333
14127,1
3057,1
85257,0.307692308
85277,1
53221,0.333333333
95206,0.307692308
22315,0.1
81301,0.666666667
93292,0.181818182
85363,0.333333333
55904,0.5
85032,0.29787234
50208,1
60647,0.142857143
94606,0.071428571
85382,0.25
37064,0
37214,0.5
60068,0.333333333
33443,1
98506,0.2
20886,0
85280,1
92673,0.033333333
92674,0.166666667
80228,0.083333333
98125,0.074074074
91902,0.090909091
77396,0.285714286
11237,0
22032,0.083333333
16510,1
95117,0.090909091
80239,0
78728,0
92082,0
78109,0.230769231
8081,1
91786,0.172413793
33323,0.5
33067,1
3223,0.333333333
2155,0
92155,0.5
95222,0
3103,0
3244,1
3857,0.5
85338,0.351351351
1930,0.25
93015,0.75
95019,0.5
3903,1
94040,0.041666667
87106,0.5
89504,0
92313,0
78223,0.5
9751,0.5
13850,0.5
98201,0.125
45638,1
9,0
91950,0.166666667
32809,0.5
51104,0
10280,1
19806,0
90403,0.130434783
32563,0
94618,0.090909091
98532,0.166666667
77072,0
77407,0.5
13045,1
92860,0
92879,0.206896552
1420,1
85075,0
1850,1
92553,0.176470588
85218,0
95236,0.5
90670,0.25
1841,1
35650,1
77713,1
78412,0.5
45208,0
45211,1
2633,0
2645,0
2671,0.5
60620,0.333333333
29445,0.2
97361,0.25
84653,0.5
96853,0.2
82922,1
19947,1
90405,0.2
60453,0
60465,0
94141,0.5
91801,0.03125
90069,0.25
14202,0
91770,0
91205,0.277777778
85351,0.055555556
1923,1
80124,0.333333333
95624,0.263157895
78218,0.166666667
85303,0.388888889
95012,0.666666667
90404,0.266666667
92867,0.1
68008,0.25
68025,0
63109,0.25
20759,1
94553,0.166666667
95219,0
63857,1
19103,0.2
94903,0.083333333
95127,0.136363636
1906,0.5
33704,1
29439,1
91342,0.105263158
21401,0.2
85737,0.142857143
90740,0.08
75126,0.5
78043,1
93215,0.5
77098,0.5
78332,0.666666667
85354,0.5
75703,1
89101,0.125
77437,1
91767,0.285714286
95640,0.5
4073,1
95301,0.111111111
27502,0.333333333
34609,0
92411,0.5
92513,0.5
21117,1
85018,0.1875
78102,1
96097,0.333333333
94133,0.25
97501,0
33149,1
85236,0
85234,0.388888889
98290,0.333333333
1832,0.5
1966,0.333333333
94610,0.054054054
72852,0
78557,0
72949,1
93003,0.2
85395,0.217391304
95351,0.166666667
63113,1
31719,0
30311,0
30339,0.25
95604,0.5
92880,0.115384615
98310,0
7002,0
95531,0.166666667
91331,0.222222222
80003,0.166666667
80001,1
85228,0.5
40475,0
85501,0.25
85542,0.5
85128,0.125
95687,0.069767442
97914,1
75083,0.5
77903,1
78702,0.75
93912,0.25
85722,1
45342,0
93309,0.2
85381,0.352941176
3766,0
28730,0.5
78384,1
78621,0.5
77506,1
99603,0
78521,0.5
85711,0.2
50266,0
50261,0.5
78108,0
78130,0.333333333
86441,1
85941,0.6
3102,1
91356,0
91364,0.111111111
72240,0
72550,1
804,1
87154,0
80921,0
33511,0.25
11372,0.181818182
95023,0.2
39530,1
53223,0.5
91607,0.210526316
80214,0
11553,0
11563,1
14620,0
10010,0
3461,0
3071,0
3451,1
78628,0
78665,0
78644,0.333333333
65201,0
65738,1
86333,0.5
19341,1
60619,1
95204,0.125
60617,0.5
85273,0.5
85173,1
85361,0.5
3276,0
3225,1
86503,0.333333333
93031,1
98524,0
81506,0.5
77018,1
85083,0.25
76309,1
95833,0.176470588
92624,0.083333333
94912,0.25
29456,0.2
78209,0.333333333
3867,0.5
19144,1
95018,0.2
78411,0.5
85714,0.5
85710,0.315789474
77541,1
86505,0.5
85221,0.5
95131,0
85705,0.222222222
93654,1
94581,0.333333333
86535,0
85742,0.44
85749,0.4
93591,0.666666667
11782,0.5
85294,0.5
95153,0.333333333
85067,0
77242,0.5
42701,0
9063,0.333333333
77035,0.333333333
3038,0.5
91722,0.3
85232,0.153846154
6902,0.25
93703,0.5
85019,0.428571429
14543,0
14626,1
65714,0.5
76011,0
95814,0.1
44107,0.25
95409,0.037037037
44904,1
34761,0.5
30034,0.5
85080,0
1960,1
55381,0.5
67526,1
98002,0.25
93306,0.4
58601,1
92557,0.222222222
90035,0.222222222
63131,1
77500,1
99203,0.2
11229,1
11106,0.142857143
90064,0.0625
61350,0.333333333
93543,1
85301,0.56
95521,0.2
7470,0
87122,0
87043,0
87004,0
87048,0.5
80134,0.090909091
80203,0.285714286
92109,0.052631579
92111,0.043478261
53147,0
95466,0
95918,0.5
33920,0
33905,0.5
33991,0.5
33321,0
91310,0.5
6535,0
6532,1
85142,0.105263158
97233,0.125
55428,1
33579,0.25
91340,0.5
78245,0.181818182
27205,1
78212,0.4
85057,1
90305,0.2
76446,1
90813,0.375
85703,1
77868,1
92240,0.125
85064,0.333333333
40220,0.5
85119,0.375
37912,1
85937,0.5
85648,1
76049,0
46077,1
60803,1
90803,0.085714286
71846,1
85298,0.222222222
95203,0
40245,0.2
93662,0.666666667
80620,0.333333333
76501,1
85713,0.222222222
85757,0.4
85746,0.3
98826,0.5
85704,0
85712,0.428571429
95824,0.5
95430,1
95860,1
33063,0.5
91357,0.25
90059,0
90061,0.5
86323,0.333333333
37167,0.5
85274,0
93210,0.25
23322,0.166666667
93725,0.666666667
80915,0.125
92382,0.666666667
93304,0
93313,0.111111111
78132,1
92844,0.285714286
91306,0.076923077
30294,0
77469,0
30273,1
78380,0.5
74857,1
90039,0.058823529
48324,0
2131,0.333333333
96063,0
96113,0
49055,0
60033,1
1034,1
31995,0.333333333
85756,0.428571429
77089,0
77844,0
77841,1
93443,0.333333333
87505,0.076923077
93117,0
7481,0
84013,0
84103,0.333333333
78263,1
17044,1
55110,0.25
95210,0.125
94025,0.055555556
93907,0.25
95139,0.5
53511,1
28306,0
93312,0.3
92236,1
95660,0.6
32407,0
32408,0.166666667
90254,0.090909091
56303,0
92342,0.166666667
78046,1
90808,0
78586,0.5
75860,0.5
97269,1
88012,0.5
78572,0.5
95386,0.5
95726,0.25
85071,1
17601,0.25
33175,0
33033,1
95812,0
91413,1
62640,1
91711,0.043478261
95650,0
75137,0.333333333
94601,0.363636364
86321,0.333333333
91106,0.052631579
78415,0.333333333
95046,0.2
92628,0.5
95354,0.25
75238,1
90744,0.285714286
90748,0
85079,0
75249,1
78155,1
90221,0.5
77568,0.5
77503,0.5
85250,0.090909091
77014,0.333333333
77705,1
94701,0.5
95337,0.333333333
86413,0.5
93631,0.2
35178,0
35071,0
32340,0
32350,1
85539,0.5
20743,0.5
94571,0.1
94041,0.222222222
85706,0.294117647
98057,0
98144,0.058823529
90033,0.75
78580,1
1876,0.25
1844,0
1852,0.333333333
1843,0
92571,0.222222222
92590,0.333333333
85730,0.066666667
85031,0.222222222
93505,0.5
27214,1
73701,1
96326,0
15024,0
53703,0.333333333
98047,1
80020,0.142857143
68832,1
73069,0
72450,0.5
68104,0.5
91343,0.166666667
79714,0.5
91381,0.125
95949,0.090909091
24088,1
95116,0.166666667
91001,0.136363636
94401,0.052631579
10019,0.083333333
45056,0
5647,1
907,0.2
29376,1
77008,0
28115,0.5
63105,0.2
95602,0.090909091
78535,1
40210,1
85256,0.4
78251,0.285714286
60641,1
80249,0
80022,0.166666667
76036,0.333333333
78596,0.333333333
95540,1
93905,0.333333333
98642,0.111111111
21161,1
76548,0.090909091
77085,0.5
76018,0.5
28348,0
79908,0
98375,0.142857143
96275,0
95333,1
80916,0
80931,0.5
90251,1
79938,0.090909091
78537,1
86040,0.333333333
75119,0.333333333
85533,0.333333333
92582,0.25
94124,0.285714286
78552,1
86020,1
87024,1
58703,0
58702,0.25
85021,0.08
40004,0
40150,1
77086,0.5
92616,0
92516,0.333333333
86047,1
65263,1
87940,1
75766,1
78574,1
75452,1
79336,1
46123,0.5
62221,0
62294,1
92869,0.103448276
85546,0.25
85548,1
94572,0.142857143
86305,0.095238095
77545,1
97378,0
97739,1
10004,0.75
30305,0.5
72921,0.333333333
70726,1
86515,0.75
76450,0.5
77379,0.166666667
73135,0.5
86504,0
70058,0.5
79706,1
85262,0.125
3041,0
85342,0
90302,0.3125
85147,1
85054,0
85638,1
91360,0
95330,0.222222222
85748,0.142857143
77036,0.333333333
77498,0.4
78582,1
7405,0.5
95404,0
83704,0.222222222
79924,0
50601,0
50401,0
50464,1
82433,0
82414,1
93933,0.2
19141,1
2145,0.333333333
95348,0.4
7734,1
17082,0
97455,0
97119,0.5
19114,1
19111,1
20706,1
48336,0
11211,0.2
7080,0
7020,0.2
76051,0.142857143
19701,0
19083,0.5
6807,1
80814,0
1950,1
3874,0
92842,0.5
75061,0.333333333
99206,0.090909091
94018,1
30168,1
90062,0.5
94542,0.285714286
98373,0.090909091
98942,0.5
56470,1
85231,0.666666667
95021,0.2
78732,0.4
90248,0.142857143
76201,0
75028,0.25
91763,0.5
94065,0
94086,0.041666667
90746,0.230769231
85322,1
69334,1
79821,1
86303,0.083333333
79762,1
92859,1
84067,0
62919,1
95341,0.5
75217,0.666666667
10502,0.5
78363,1
92405,0.25
70123,0
70150,1
79720,1
81005,1
85013,0.176470588
56377,1
78333,1
85139,0.181818182
85227,1
76078,1
94105,0
70507,0.5
71105,0
71111,0.333333333
8514,1
78570,1
90044,0.375
38138,0.5
99216,0.25
89124,1
25301,0
25064,0.5
93444,0.090909091
93454,0
77450,0.333333333
95001,0.2
76801,0.5
95134,0.083333333
95119,0.111111111
75002,0.5
60516,0
85745,0.235294118
94102,0.055555556
92201,0
92202,1
96934,0
75684,1
91006,0.066666667
57703,0
57783,0.5
91723,0.285714286
20008,0.125
85087,0.375
92808,0.095238095
80305,0
80304,0.076923077
77372,1
95407,0.230769231
86327,0.333333333
77590,1
98008,0.076923077
92225,0.5
93427,0.2
77488,1
80033,1
29582,1
85378,1
33056,1
78631,1
90067,0
77357,0.5
95431,1
23233,0.5
85292,1
20783,0
20904,0
20910,0
20723,0.333333333
90222,0.6
37217,0
37211,0.2
89706,0.25
86004,0.214285714
77346,0.1
2045,1
49613,1
PDR,1
91615,0.5
95258,0.25
95010,0
98446,0.1
6027,0
76063,0.2
50109,0.5
78382,0.333333333
11412,1
96130,0.2
6604,1
90040,0.25
15210,0
15205,0.5
3044,1
94121,0.027777778
22556,0.5
46236,0.142857143
63139,1
92283,1
3268,1
80202,0
79763,0.333333333
90293,0.083333333
91345,0.285714286
76905,0.5
44060,0
6040,1
33426,1
60177,1
95713,0
43754,1
64701,1
95757,0.294117647
90707,0.5
80014,0.142857143
24014,1
64116,0.666666667
81611,1
32714,1
80116,1
94116,0.125
95452,0
95416,1
25070,0
25510,1
48124,1
78239,0.5
78754,0.5
94605,0.076923077
96094,0
89409,1
91602,0.166666667
98371,0.2
75078,0.5
77510,0
77515,0.5
88203,1
99654,0.1
11416,1
78121,1
91748,0.111111111
27858,1
86332,0
85358,1
20011,0.333333333
95315,0.5
2909,1
90814,0.266666667
20032,1
92118,0.083333333
86046,0.5
12020,1
90265,0
60185,0
60186,1
99217,0.25
94925,0.142857143
88201,0
88202,1
28270,0.333333333
33990,0.5
77318,1
15218,0
16105,1
91017,1
97218,0.166666667
95953,0
21122,0
78741,0.2
78749,0
78234,0.25
48820,0
2717,1
95673,0
10923,1
16601,0
91201,0.25
92413,1
94573,1
90272,0
91769,0
86025,0.333333333
53225,0
80035,0.5
4217,1
78715,0.5
75232,0
75054,1
95066,0.1
3860,0.5
87508,0
87562,1
94612,0.125
SOKOE,0
S0K0E,1
96672,1
90037,1
85132,0.2
21208,0.5
91791,0.125
78041,0.5
90002,0.5
57042,0
85728,0.333333333
96854,0
23236,0
22030,0.2
V6Z2R,0
99703,0.333333333
79761,0
79764,0
70116,1
48048,1
95641,0.5
95821,0.066666667
18504,1
93618,0.5
95031,0.5
97479,0.142857143
85901,0.333333333
92866,0.1875
90001,0.333333333
85929,0.5
86329,1
85734,0.25
57325,1
77082,0.333333333
6051,1
90267,0
5404,0
5468,1
28269,0
28075,0.333333333
98938,1
84414,0.5
10473,1
92085,0
93458,0
86002,0.166666667
94539,0.037037037
33701,0.25
43201,0
93261,1
6354,1
95067,0
92815,0.5
94103,0.083333333
92587,0
87401,0.333333333
34745,1
38134,1
86003,0.5
95819,0.066666667
50320,1
99208,0.2
56671,1
95233,1
48105,0.166666667
90801,0.25
85658,0.2
98230,0.181818182
93212,1
75070,0.111111111
94582,0.035714286
8021,1
34420,1
66062,0.5
48154,1
90716,0.5
93307,0.333333333
82007,0.666666667
66441,0
22312,0
40160,1
80832,0
80017,0.2
93643,0.333333333
33716,0
30152,0.333333333
1604,0.333333333
8648,0
14209,0
14211,1
87556,1
32836,1
33170,0
32795,0
32704,1
31316,0.5
43229,0
43016,0.333333333
79372,0
79403,1
33912,0.5
98405,0.166666667
90602,0.2
91708,0.142857143
20634,0.5
94949,0.0625
98233,0.333333333
85652,0.5
30045,1
91775,0
95827,0.230769231
55433,0.5
80132,0.166666667
48708,1
14214,0.5
82718,0.5
85670,0
86045,0.5
77099,1
94304,0
81006,0.5
84663,0.5
63049,0.333333333
92393,0
92657,0.052631579
95977,1
22015,0
22026,0.5
33177,0.5
70003,0
85215,0
98329,0
14901,1
18610,0
28314,0.142857143
93442,0.2
45433,0.5
94820,0.25
93242,0.5
92315,0.333333333
85122,0.1
92570,0
55118,0.333333333
34608,0.5
97015,0.125
76502,0.5
91737,0.166666667
93280,1
95482,0.076923077
85045,0.5
85532,0.5
94599,0.2
95030,0.090909091
92404,0.125
23086,1
89040,1
22191,0.166666667
88101,0.142857143
92693,0.333333333
99025,1
77414,1
97017,0.5
85718,0
85715,0
11216,0.333333333
85602,0.142857143
85636,0
30815,0.5
95240,0.1
90086,1
92552,0.5
35810,1
19076,1
89431,0.125
85550,1
95124,0.037037037
91361,0.083333333
9393,0
65584,0.166666667
91302,0.08
32713,0.5
75074,0.166666667
83501,0.333333333
60649,1
59803,0.25
98248,0.2
77461,1
85344,0.5
95344,0
87034,1
93630,0.5
93061,1
89005,0.2
55346,1
99350,0
54650,1
94557,0
94551,0.055555556
75006,1
77419,0
92781,0.142857143
92230,1
46366,1
84066,1
99824,0.5
95328,0
10024,0.125
45680,1
90734,0
93237,1
79906,0.25
93723,0.2
93006,0.5
98199,0
13862,0
13744,0
13797,1
31907,0
48203,0
95205,0
95228,0.25
91942,0.058823529
91803,0.111111111
95942,0.5
80544,1
98349,1
95011,0.5
85645,0.5
91024,0.166666667
44118,0.5
86427,1
78116,0
78118,1
85375,0.105263158
95246,0.5
80808,1
97127,1
97141,1
73505,0.2
46234,1
85380,1
98404,0
93539,0.5
19036,1
85278,0
85178,1
97045,0.083333333
36346,1
78252,0.5
17066,1
97828,0
53204,0
10801,0.166666667
85751,0
60201,0.2
53213,1
T2Y2B,0
77356,0.333333333
85312,0.333333333
98240,0
98831,0
98807,1
66213,0
64111,0
66208,0
66103,1
7081,0
95460,0
192,1
60126,0.5
90240,0.083333333
94569,1
84115,0.5
92595,0.142857143
87110,0
87199,0
87112,0
87104,0
87109,0.25
30310,0.333333333
99508,0
99514,1
92863,0
72034,0
72114,1
72221,1
95130,0.142857143
85721,0.5
75683,1
11572,0
12477,0.333333333
95361,0.066666667
70562,0
70563,1
79838,1
61701,0.5
92021,0.052631579
37801,0
43988,1
29708,0.5
92282,1
95634,0.5
98059,0
99122,1
92567,0.2
68776,0.5
16901,0.5
90608,0
95935,0
54020,1
92051,1
81625,0.333333333
85938,1
86401,0.142857143
76120,0.5
95454,1
46228,1
14618,0
14701,0.5
48040,0
85327,0.333333333
92007,0.071428571
V6Z2Y,0
M5J2L,1
80241,0
80021,0.111111111
220-0,0.5
81601,0
V7L1G,1
46368,1
37876,1
99301,0.2
84065,0.5
K1R0A,1
75090,0
75092,1
59063,0
59014,1
6484,1
67212,0
67217,0.5
13320,0
34221,0.5
89705,0
98338,0.25
95172,0.5
80016,0.076923077
80210,0.25
10453,0
10451,0
69361,1
95326,0.125
55362,1
28803,0.166666667
21901,1
87120,0.125
77320,0
98139,0.25
95605,0.333333333
53094,1
88008,1
4918,0
37043,0.2
75056,0
75313,0
4281,1
67211,0.5
44288,1
32877,1
28709,0
49127,1
11224,0
73003,1
20852,0
20876,0.5
55369,0.5
95307,0.2
60107,0.5
48455,1
28373,1
37909,0
10017,0.5
80470,0
80465,0.2
20794,1
73662,1
77065,0.2
96943,0.083333333
630-8,1
78216,0
24593,1
44875,1
3234,1
66614,0.333333333
56304,1
23666,0
11561,0.142857143
81133,0.5
19464,0.333333333
28304,0
27610,0.25
96918,0.5
31324,0
38017,1
77025,0.5
54623,1
96142,0
78657,0
78229,0.2
914-0,1
14534,0.2
160-0,0.5
97131,1
45895,1
7522,1
28311,0
32807,0
65612,0
7627,0
7011,0
98110,0
99354,0
98516,0
94563,0
93447,0
44070,0
98948,0
33881,0
33850,0
13693,0
14551,0
46222,0
93437,0
30813,0
20260,0
2574,0
30076,0
30077,0
62903,0
62902,0
96757,0
90720,0
72802,0
5036,0
5602,0
5673,0
5601,0
94595,0
33027,0
78669,0
78735,0
85003,0
96338,0
23452,0
31320,0
96802,0
20815,0
37146,0
2116,0
66088,0
14075,0
92397,0
8330,0
60091,0
60202,0
65616,0
11590,0
80525,0
80547,0
KT112,0
66007,0
76643,0
76712,0
90094,0
111,0
7083,0
99801,0
48627,0
60108,0
2295,0
79025,0
79118,0
86511,0
45202,0
45224,0
60607,0
91784,0
98333,0
43606,0
29715,0
28078,0
28654,0
97525,0
97537,0
78612,0
87123,0
12804,0
97136,0
95368,0
83001,0
80919,0
2446,0
19027,0
93527,0
93290,0
97330,0
80222,0
43214,0
45039,0
60051,0
33019,0
96807,0
6107,0
77005,0
93923,0
48420,0
97730,0
98239,0
1070,0
80477,0
72653,0
22182,0
79029,0
98275,0
66223,0
55743,0
9034,0
77023,0
46038,0
83687,0
83651,0
83686,0
89114,0
23456,0
93422,0
T6K0L,0
2474,0
97051,0
93101,0
80522,0
80521,0
98367,0
60018,0
63376,0
63304,0
94070,0
82637,0
98576,0
84112,0
77003,0
98346,0
90071,0
98109,0
211-0,0
21108,0
9309,0
28603,0
28601,0
98407,0
99669,0
150-0,0
48138,0
96811,0
74437,0
74447,0
94528,0
95161,0
94556,0
33715,0
11733,0
49445,0
2648,0
97470,0
44147,0
29642,0
97116,0
15146,0
98645,0
97801,0
60527,0
80615,0
52732,0
52074,0
410-3,0
14,0
140-8,0
67037,0
10600,0
95818,0
7006,0
20036,0
20002,0
59402,0
59405,0
92029,0
94945,0
59840,0
29485,0
76913,0
96349,0
96351,0
93405,0
33773,0
98129,0
262,0
60616,0
28562,0
21903,0
94306,0
95052,0
93402,0
60645,0
81401,0
47394,0
80229,0
87105,0
96650,0
7030,0
7302,0
43551,0
99645,0
28205,0
75050,0
20645,0
21076,0
60526,0
60525,0
89143,0
33025,0
33156,0
95811,0
78250,0
98101,0
89106,0
84075,0
20882,0
85377,0
2920,0
8817,0
8840,0
8818,0
49242,0
93412,0
99611,0
64507,0
81230,0
28083,0
92067,0
96141,0
95303,0
33166,0
98611,0
13,0
66212,0
13088,0
95237,0
97338,0
62260,0
60540,0
72701,0
60187,0
35212,0
97232,0
2170,0
773,0
50583,0
73080,0
27278,0
98074,0
10606,0
33578,0
27604,0
54876,0
54476,0
50265,0
48183,0
23320,0
45647,0
60010,0
33732,0
84405,0
85118,0
87567,0
96805,0
20009,0
12522,0
95817,0
60521,0
44024,0
93908,0
17067,0
70582,0
60505,0
135-0,0
3064,0
49316,0
55038,0
95453,0
23703,0
95776,0
64503,0
61517,0
20878,0
V6H1A,0
10029,0
33433,0
10931,0
2760,0
9213,0
158-0,0
97303,0
2030,0
89024,0
84655,0
99201,0
20688,0
47907,0
84060,0
59680,0
87102,0
87121,0
V1Y9H,0
78015,0
98382,0
81416,0
99006,0
53179,0
47905,0
56096,0
56093,0
80960,0
72136,0
77386,0
16700,0
25500,0
60014,0
34432,0
V3X2Z,0
350-1,0
92163,0
89125,0
22637,0
40013,0
92308,0
77043,0
77080,0
13440,0
78852,0
49660,0
17604,0
17520,0
23139,0
77062,0
30328,0
98136,0
20171,0
34224,0
33947,0
44612,0
20720,0
56375,0
56449,0
110,0
110,0
98342,0
98365,0
99702,0
99705,0
44800,0
96554,0
2162,0
2162,0
V5T4M,0
T0J0Y,0
180,0
111-0,0
33442,0
85346,0
0,0
16057,0
157,0
97078,0
86429,0
92878,0
98837,0
91117,0
91011,0
32224,0
32245,0
59860,0
17011,0
17112,0
17025,0
17050,0
27613,0
27612,0
27609,0
27615,0
77578,0
21144,0
75783,0
96970,0
93109,0
57-00,0
171-0,0
22192,0
45177,0
96914,0
34113,0
78372,0
55342,0
87506,0
KT113,0
248-0,0
9421,0
9498,0
56200,0
251,0
251-0,0
75093,0
55129,0
29488,0
2331,0
V2A6L,0
V0H1R,0
670-0,0
78758,0
97209,0
151-0,0
23109,0
75201,0
20895,0
250,0
222,0
22003,0
158,0
16686,0
68133,0
77092,0
33606,0
12603,0
10543,0
21044,0
75230,0
V6E4R,0
V3J4M,0
R3B0M,0
92589,0
97527,0
84093,0
97140,0
V1X1H,0
78520,0
28390,0
12110,0
87544,0
75019,0
34986,0
80023,0
30601,0
21042,0
19119,0
V6N3J,0
67226,0
56374,0
6360,0
98204,0
2360,0
115-0,0
819-0,0
99362,0
96927,0
91778,0
813-0,0
63108,0
44883,0
85334,0
30459,0
31419,0
205-0,0
93060,0
54734,0
91214,0
299-3,0
223-0,0
227-0,0
006-0,0
24210,0
80501,0
AL21B,0
83607,0
98006,0
4879,0
4879,0
6032,0
6460,0
22150,0
88130,0
10005,0
10038,0
33179,0
R0C2W,0
7070,0
420,0
606-0,0
7102,0
30067,0
30068,0
11365,0
60523,0
7648,0
92334,0
2481,0
2482,0
97405,0
72712,0
91046,0
75075,0
19977,0
84109,0
92263,0
95548,0
36877,0
36867,0
27308,0
273,0
273-0,0
59730,0
89127,0
22043,0
97217,0
22310,0
97212,0
97055,0
55044,0
80922,0
59846,0
96379,0
37203,0
92317,0
78620,0
88033,0
90510,0
85935,0
92150,0
98038,0
60118,0
399-9,0
79930,0
85253,0
99752,0
51535,0
V6E1V,0
4870,0
77445,0
77446,0
99688,0
60611,0
97201,0
90836,0
23663,0
92003,0
80439,0
37069,0
37179,0
75482,0
80831,0
95061,0
92617,0
99760,0
93953,0
73072,0
7012,0
7838,0
89077,0
95425,0
E2M3E,0
60409,0
18810,0
E1A8C,0
E5M2W,0
95462,0
92241,0
841,0
L5C4S,0
91007,0
94305,0
30047,0
95815,0
98072,0
96850,0
76092,0
96145,0
22,0
95402,0
1835,0
2188,0
2115,0
24900,0
98257,0
97540,0
97370,0
34990,0
78734,0
78739,0
34119,0
33815,0
27514,0
92822,0
94973,0
65805,0
86340,0
18702,0
7016,0
18508,0
23188,0
85615,0
92661,0
33305,0
33441,0
84014,0
94904,0
84020,0
72756,0
80031,0
97089,0
95694,0
40010,0
34203,0
92248,0
92210,0
60563,0
55092,0
48103,0
9621,0
48360,0
95618,0
84056,0
10007,0
23325,0
94519,0
32819,0
98374,0
7932,0
19809,0
96001,0
75762,0
37209,0
32162,0
32163,0
92838,0
32170,0
95033,0
92178,0
22152,0
6420,0
1036,0
V7W1V,0
33031,0
33410,0
1541,0
86426,0
95358,0
96020,0
98053,0
84095,0
6355,0
93401,0
23231,0
567-0,0
30043,0
76311,0
23518,0
98685,0
83353,0
23503,0
244-0,0
83713,0
SK119,0
75033,0
53000,0
60609,0
33705,0
97210,0
89191,0
80840,0
80907,0
93438,0
94977,0
95837,0
89820,0
37055,0
92131,0
48170,0
93601,0
35473,0
35406,0
2771,0
4051,0
3906,0
95573,0
33312,0
95969,0
55723,0
56444,0
96160,0
94574,0
95614,0
96067,0
84121,0
60004,0
60089,0
4330,0
4344,0
77806,0
T1L1J,0
24963,0
2655,0
89501,0
33172,0
31903,0
31906,0
95472,0
60707,0
60513,0
54421,0
97477,0
83338,0
44094,0
97239,0
11719,0
98683,0
89452,0
66106,0
25801,0
60148,0
36260,0
10022,0
79109,0
48003,0
93625,0
48228,0
85750,0
98155,0
91976,0
99210,0
30350,0
62627,0
93247,0
19462,0
98840,0
20817,0
59604,0
7461,0
12737,0
28147,0
85046,0
95063,0
68354,0
14221,0
80737,0
34212,0
66061,0
68145,0
96007,0
97281,0
30439,0
32159,0
34484,0
78763,0
77234,0
53190,0
20191,0
20772,0
53402,0
74948,0
55372,0
7647,0
21029,0
67008,0
60035,0
77520,0
85732,0
8226,0
85623,0
27517,0
80209,0
95005,0
45246,0
34465,0
35444,0
2743,0
30213,0
94955,0
94022,0
26847,0
77642,0
70633,0
79121,0
60463,0
4781,0
34104,0
19050,0
40502,0
55443,0
33844,0
80401,0
78259,0
6512,0
80634,0
91610,0
91319,0
45169,0
48844,0
3908,0
94146,0
55431,0
95038,0
97013,0
2151,0
94913,0
37919,0
28607,0
33706,0
60457,0
97862,0
75211,0
75206,0
75229,0
28105,0
68116,0
34669,0
34667,0
17837,0
8902,0
8823,0
28716,0
75220,0
78232,0
67220,0
10703,0
76148,0
48169,0
93116,0
36561,0
97018,0
97367,0
11769,0
33569,0
9464,0
99507,0
99577,0
33615,0
33635,0
59725,0
33435,0
10562,0
8520,0
32258,0
95070,0
84098,0
18103,0
18104,0
58675,0
72223,0
72211,0
17404,0
17408,0
91359,0
93225,0
41071,0
14072,0
98465,0
34473,0
6524,0
6525,0
99510,0
22701,0
20121,0
95927,0
354-0,0
32210,0
78278,0
96603,0
28540,0
11976,0
96861,0
89435,0
14450,0
78070,0
T2X3N,0
T2X1G,0
11944,0
2210,0
48322,0
48025,0
9095,0
73013,0
99371,0
78717,0
98103,0
9601,0
9603,0
97528,0
98312,0
28025,0
77377,0
80934,0
T5R2A,0
64151,0
1226,0
97003,0
76122,0
94042,0
99163,0
43907,0
1550,0
97113,0
99156,0
22309,0
T3H1C,0
98073,0
60098,0
63130,0
V2R5X,0
T6R3M,0
11415,0
22958,0
10027,0
95004,0
77566,0
46060,0
48047,0
48096,0
77401,0
67207,0
28374,0
V9A7M,0
26505,0
30324,0
V0R1Z,0
78633,0
96088,0
141-0,0
13101,0
13031,0
94522,0
89402,0
96106,0
89703,0
V6K1H,0
V4M4G,0
33759,0
81082,0
81612,0
10709,0
10528,0
21012,0
63933,0
40243,0
94309,0
98104,0
97038,0
89193,0
39705,0
98844,0
27546,0
6450,0
95423,0
T5P2X,0
22963,0
80904,0
91108,0
33760,0
93449,0
18626,0
33308,0
75205,0
48189,0
43000,0
92375,0
95551,0
4101,0
32250,0
1772,0
96041,0
78503,0
90704,0
96140,0
98168,0
98406,0
90213,0
49441,0
80421,0
80435,0
54143,0
980,0
11221,0
80303,0
95832,0
83340,0
82513,0
97301,0
87507,0
28203,0
28202,0
55419,0
55408,0
55406,0
96306,0
80108,0
35057,0
22311,0
32732,0
11215,0
27513,0
V3B1N,0
V3B0B,0
92247,0
84117,0
47842,0
72736,0
45120,0
45102,0
78752,0
2889,0
9622,0
16648,0
V5Z3W,0
91380,0
98231,0
6082,0
30040,0
44055,0
5672,0
1821,0
536-0,0
78727,0
78708,0
41074,0
45324,0
75244,0
92586,0
54940,0
94127,0
93433,0
98117,0
920-0,0
064-0,0
83646,0
64024,0
516,0
75124,0
30461,0
32117,0
32174,0
94158,0
33060,0
33611,0
33602,0
89704,0
12561,0
12528,0
34293,0
59047,0
55376,0
55124,0
77095,0
77441,0
77479,0
46554,0
61001,0
76262,0
29440,0
2906,0
45238,0
77002,0
77019,0
70535,0
T5T3C,0
38671,0
39525,0
98846,0
85348,0
54449,0
34243,0
20004,0
20169,0
R0G2V,0
R2H1M,0
13619,0
19124,0
97268,0
37219,0
66219,0
37220,0
13603,0
9226,0
80128,0
8854,0
89406,0
64113,0
86011,0
86015,0
1089,0
38011,0
93440,0
740,0
95436,0
53716,0
83333,0
799-0,0
33610,0
98264,0
30568,0
89408,0
90295,0
332-0,0
93110,0
236,0
96206,0
84004,0
95923,0
84108,0
55331,0
91935,0
93921,0
32816,0
32608,0
84090,0
2476,0
28402,0
28805,0
1784,0
5301,0
18052,0
96377,0
93737,0
22203,0
V6J1N,0
55437,0
25300,0
253-0,0
24328,0
22901,0
95946,0
78336,0
80309,0
10028,0
60643,0
74426,0
4555,0
166-0,0
H2V4T,0
68046,0
11377,0
60657,0
97603,0
72702,0
72682,0
53222,0
54452,0
53172,0
53220,0
54403,0
59100,0
534-0,0
77345,0
34285,0
77389,0
90607,0
20112,0
18017,0
99157,0
V7E1H,0
26105,0
26501,0
2141,0
68801,0
96322,0
60134,0
24248,0
22202,0
2421,0
2420,0
6173,0
2619,0
2619,0
18966,0
19147,0
75038,0
23831,0
74012,0
48433,0
74119,0
74120,0
23517,0
97502,0
53146,0
53551,0
93403,0
11024,0
78756,0
75071,0
70381,0
98029,0
92013,0
49686,0
95075,0
60145,0
152-0,0
75429,0
78414,0
19047,0
8536,0
8852,0
77382,0
30342,0
30363,0
93102,0
93121,0
83422,0
83455,0
88242,0
76711,0
64468,0
81007,0
11702,0
11710,0
814-0,0
7057,0
6510,0
94662,0
89450,0
38464,0
38305,0
248,0
21212,0
4613,0
66035,0
64157,0
501-6,0
460-0,0
36500,0
78613,0
34957,0
94123,0
21402,0
80502,0
80503,0
V8M1W,0
97056,0
1020,0
95065,0
40000,0
51063,0
95353,0
52240,0
77054,0
75041,0
187-0,0
232-0,0
98177,0
84037,0
279-0,0
60056,0
76302,0
T4N3E,0
32952,0
97214,0
33558,0
97266,0
95623,0
20003,0
19708,0
54603,0
33311,0
33436,0
30306,0
30312,0
87056,0
87107,0
22407,0
22443,0
94064,0
99506,0
9342,0
76901,0
70460,0
70458,0
93014,0
89445,0
20006,0
60622,0
755,0
763-0,0
22903,0
9815,0
83647,0
92609,0
19406,0
84088,0
81615,0
2546,0
2537,0
2537,0
97708,0
63146,0
84601,0
80004,0
80002,0
90639,0
33771,0
9114,0
88062,0
95928,0
J8N7E,0
32701,0
32803,0
10159,0
78024,0
66938,0
95473,0
96847,0
T4N1A,0
32561,0
28409,0
108-0,0
13637,0
76505,0
152,0
30513,0
80224,0
93514,0
86312,0
95224,0
68154,0
5701,0
12801,0
34488,0
44077,0
2556,0
12054,0
95445,0
71909,0
93922,0
V0H2B,0
45013,0
38103,0
74565,0
17257,0
31803,0
29932,0
85241,0
92817,0
78726,0
75086,0
60477,0
47906,0
9175,0
79936,0
23662,0
32310,0
63144,0
25701,0
73049,0
87124,0
95567,0
75155,0
84152,0
87535,0
V8R6E,0
33467,0
98282,0
91731,0
98203,0
1002,0
2895,0
60646,0
29414,0
98007,0
44319,0
19100,0
44820,0
18031,0
9142,0
88330,0
9012,0
59920,0
59917,0
11550,0
34946,0
T3G5K,0
75476,0
5753,0
7601,0
33055,0
778,0
16509,0
72631,0
88006,0
88047,0
73522,0
32266,0
2670,0
37172,0
79913,0
79912,0
95524,0
68409,0
3910,0
20854,0
37013,0
37127,0
99003,0
2139,0
90809,0
83837,0
28571,0
15601,0
55972,0
96025,0
15300,0
2882,0
20120,0
63935,0
72519,0
46738,0
34698,0
49101,0
49120,0
96039,0
80027,0
19333,0
1128,0
32080,0
32086,0
88350,0
33637,0
34208,0
33619,0
93434,0
73521,0
63021,0
14086,0
14051,0
96260,0
93460,0
82601,0
96343,0
78759,0
38028,0
97138,0
61270,0
59538,0
3104,0
3743,0
33884,0
T0C1Z,0
84335,0
44217,0
80516,0
98395,0
52807,0
77070,0
22980,0
33509,0
1085,0
20874,0
19061,0
19060,0
46553,0
42376,0
87901,0
89060,0
64068,0
56367,0
30345,0
28134,0
68434,0
85070,0
43081,0
64836,0
72662,0
50111,0
7205,0
35216,0
69007,0
65079,0
96515,0
73150,0
60630,0
72629,0
96376,0
32513,0
34974,0
32950,0
32935,0
32907,0
33556,0
61008,0
61114,0
52641,0
97544,0
93130,0
98075,0
97296,0
48214,0
48327,0
20109,0
20136,0
28405,0
80911,0
78705,0
21842,0
77205,0
77373,0
24543,0
24540,0
11103,0
33414,0
73507,0
95967,0
31322,0
98237,0
33545,0
95666,0
55441,0
2138,0
82609,0
PR27A,0
33559,0
98070,0
53151,0
53186,0
61520,0
76006,0
43220,0
30607,0
44130,0
97459,0
35242,0
21701,0
18102,0
4038,0
27616,0
76559,0
80126,0
34652,0
63368,0
43617,0
43560,0
211,0
49011,0
452-0,0
7758,0
62629,0
7438,0
11963,0
98014,0
75219,0
75360,0
83541,0
78247,0
21237,0
61822,0
1945,0
81236,0
10570,0
9692,0
1940,0
48304,0
K1V7M,0
K1X1H,0
T4A2C,0
98438,0
54904,0
6840,0
80215,0
85716,0
80820,0
80513,0
99005,0
3431,0
80005,0
75209,0
34477,0
20018,0
22207,0
80951,0
7850,0
7857,0
7874,0
98046,0
15901,0
2143,0
60082,0
60048,0
2492,0
V0R2L,0
33949,0
23435,0
9617,0
83843,0
30253,0
21230,0
83202,0
95619,0
95519,0
96661,0
59106,0
48451,0
8831,0
25203,0
R3J0E,0
93390,0
80308,0
77063,0
44512,0
11355,0
1719,0
1740,0
99803,0
84143,0
34685,0
23226,0
1375,0
68507,0
68506,0
93301,0
70517,0
68123,0
84092,0
7035,0
50006,0
9468,0
33950,0
33955,0
97448,0
24127,0
33786,0
44253,0
44053,0
6831,0
70816,0
94970,0
14624,0
66604,0
66215,0
80437,0
97454,0
35901,0
95327,0
606,0
V3H4P,0
79923,0
76021,0
11767,0
32808,0
98337,0
19970,0
23421,0
20912,0
8260,0
15650,0
44256,0
84771,0
95538,0
29572,0
95965,0
V1W4T,0
V1H1S,0
18076,0
37330,0
1229,0
76951,0
65809,0
76579,0
22079,0
30228,0
32725,0
89034,0
92314,0
98164,0
53224,0
38181,0
53154,0
92359,0
23328,0
14692,0
43953,0
19901,0
81658,0
30082,0
67735,0
50518,0
16059,0
44695,0
49276,0
48846,0
44143,0
98205,0
54853,0
22181,0
22808,0
252-0,0
97240,0
9708,0
9754,0
9705,0
6804,0
78148,0
44102,0
95468,0
93420,0
99019,0
2081,0
89439,0
34954,0
20152,0
19335,0
75214,0
30327,0
8901,0
33327,0
32578,0
13815,0
73026,0
66502,0
65606,0
48135,0
9128,0
96122,0
28401,0
84606,0
11206,0
22306,0
48108,0
48185,0
48334,0
55449,0
49663,0
32401,0
87116,0
4652,0
97027,0
32507,0
25443,0
97420,0
45243,0
85230,0
85130,0
77012,0
77381,0
94524,0
78379,0
13669,0
34604,0
80537,0
96207,0
95306,0
20850,0
19031,0
97221,0
9180,0
7650,0
19810,0
50010,0
97392,0
70068,0
79416,0
32406,0
77268,0
98801,0
98802,0
43017,0
73127,0
11530,0
22044,0
84404,0
10021,0
10075,0
33629,0
57006,0
96517,0
78219,0
32548,0
32569,0
96926,0
94005,0
91933,0
59313,0
34654,0
78611,0
30005,0
33508,0
32505,0
33162,0
665,0
98360,0
98569,0
61107,0
61101,0
16066,0
197-0,0
196-0,0
89157,0
60044,0
154-0,0
7860,0
8876,0
92102,0
33324,0
38111,0
49015,0
49014,0
94537,0
91393,0
55102,0
33231,0
2149,0
59231,0
17600,0
176-0,0
80113,0
22500,0
215,0
98145,0
8759,0
30909,0
85069,0
75979,0
77706,0
77701,0
20166,0
240,0
6000,0
6200,0
7204,0
78466,0
84401,0
99357,0
32536,0
B2H2X,0
97205,0
21545,0
25442,0
21532,0
83204,0
78266,0
21005,0
21078,0
39540,0
39564,0
6382,0
7058,0
30905,0
80211,0
79925,0
V5R6G,0
7712,0
573-0,0
64300,0
173-0,0
38619,0
64,0
29229,0
7423,0
76073,0
85616,0
N0B2K,0
33325,0
90009,0
M6K2W,0
M6N1K,0
11217,0
32905,0
M1W2S,0
17307,0
65650,0
84105,0
1200,0
1200,0
34428,0
77388,0
55113,0
92585,0
35120,0
40055,0
V3N1Z,0
V5G1N,0
S0L0T,0
S7K2P,0
80905,0
80909,0
V2X5Y,0
96038,0
93406,0
92081,0
20814,0
452,0
56011,0
32542,0
904-0,0
9086,0
84107,0
231-0,0
2027,0
20000,0
2000,0
2001,0
2001,0
48910,0
60195,0
60169,0
13600,0
78526,0
39701,0
29803,0
8033,0
8004,0
19128,0
20902,0
22060,0
9139,0
80040,0
21228,0
21043,0
94508,0
49503,0
30096,0
19446,0
3907,0
34653,0
23221,0
86023,0
V7E1A,0
81640,0
75711,0
39157,0
89449,0
2780,0
413-0,0
59870,0
40272,0
M4J2S,0
M4K2B,0
73501,0
59729,0
46375,0
2739,0
98557,0
156-0,0
33594,0
75051,0
80906,0
44646,0
88025,0
55014,0
48312,0
34201,0
221,0
12590,0
74104,0
244,0
32951,0
99501,0
78630,0
20155,0
22193,0
96258,0
96224,0
52626,0
52601,0
84320,0
19122,0
5830,0
33041,0
33339,0
49233,0
603-8,0
V1R1L,0
CP775,0
91802,0
37096,0
75208,0
60076,0
98081,0
19460,0
19608,0
86302,0
54901,0
29607,0
29605,0
60025,0
35758,0
2125,0
9610,0
9720,0
55436,0
55401,0
33707,0
28027,0
2102,0
2102,0
80117,0
51342,0
28734,0
71360,0
19034,0
19401,0
90408,0
38057,0
M1T3P,0
M1S3Z,0
74804,0
11205,0
60560,0
8825,0
19046,0
92074,0
20151,0
20111,0
4064,0
4072,0
92169,0
10032,0
10463,0
10037,0
-66,0
83206,0
33993,0
60613,0
6511,0
30506,0
50200,0
21225,0
2114,0
2128,0
22952,0
B756D,0
33565,0
33470,0
33646,0
30260,0
55705,0
65305,0
9717,0
46280,0
46037,0
92243,0
92251,0
91316,0
91337,0
32304,0
32442,0
98127,0
97532,0
3055,0
3086,0
D-141,0
33032,0
33186,0
34601,0
9112,0
22204,0
220,0
27560,0
31904,0
23108,0
231,0
812,0
93445,0
56123,0
78255,0
60638,0
32955,0
33065,0
77365,0
20300,0
10707,0
64056,0
64051,0
2841,0
2874,0
19107,0
64105,0
77088,0
9265,0
20189,0
20521,0
59330,0
227,0
20755,0
44,0
445-9,0
61431,0
80112,0
2144,0
2465,0
2124,0
73134,0
6471,0
6513,0
N89JY,0
164,0
V3L4T,0
32524,0
95055,0
29579,0
8093,0
1518,0
1566,0
1515,0
77355,0
77375,0
156,0
39532,0
99901,0
1803,0
1730,0
11238,0
17324,0
32504,0
T0K2M,0
87571,0
3079,0
92167,0
10016,0
30115,0
34474,0
32095,0
32216,0
22102,0
78256,0
28079,0
33431,0
31416,0
60050,0
33928,0
207-0,0
74136,0
55422,0
2542,0
30907,0
62258,0
62281,0
16046,0
60110,0
49947,0
93590,0
65810,0
116-0,0
30307,0
30315,0
77584,0
20016,0
60515,0
19465,0
45249,0
23834,0
70775,0
2127,0
2536,0
34202,0
33134,0
820,0
43026,0
41005,0
21136,0
98507,0
72120,0
36301,0
34684,0
95181,0
941-0,0
164-0,0
142-0,0
80928,0
28584,0
98036,0
29360,0
29073,0
92145,0
9046,0
44086,0
44062,0
44231,0
28326,0
47401,0
192-0,0
4021,0
2461,0
10006,0
80226,0
75657,0
12158,0
32115,0
92174,0
11457,0
850,0
49770,0
6607,0
165,0
76240,0
78236,0
63112,0
91436,0
23020,0
27516,0
27704,0
59719,0
11361,0
15522,0
74743,0
73122,0
WC1V7,0
7436,0
10065,0
53562,0
24382,0
30341,0
87068,0
60605,0
68924,0
43326,0
76180,0
27009,0
70124,0
33069,0
33154,0
48101,0
48195,0
R3P2G,0
48884,0
35652,0
46567,0
54821,0
56001,0
30530,0
2189,0
94933,0
30033,0
92318,0
97530,0
168,0
168-0,0
16602,0
44240,0
95363,0
43230,0
48801,0
48164,0
50588,0
6812,0
85214,0
4937,0
95663,0
45042,0
45050,0
96601,0
71037,0
81101,0
13212,0
13205,0
20777,0
98238,0
98274,0
92811,0
48188,0
46143,0
94024,0
16915,0
60101,0
60502,0
79916,0
349-1,0
61265,0
83622,0
48088,0
2646,0
90409,0
6516,0
45889,0
6279,0
70121,0
21742,0
7104,0
97307,0
19444,0
64079,0
85266,0
60123,0
48197,0
61704,0
55810,0
55812,0
92052,0
65803,0
72745,0
63016,0
6795,0
12212,0
73034,0
4401,0
17551,0
64506,0
65049,0
95488,0
12601,0
48001,0
13602,0
7950,0
4989,0
37221,0
48439,0
19104,0
19082,0
44321,0
277,0
28262,0
76179,0
75042,0
53207,0
60656,0
77808,0
75409,0
97498,0
33625,0
35565,0
49251,0
44052,0
47670,0
46240,0
7421,0
70506,0
27810,0
270,0
77094,0
34210,0
28461,0
28031,0
58718,0
11764,0
60047,0
15003,0
87305,0
37355,0
68467,0
13760,0
32686,0
28546,0
28547,0
74010,0
94164,0
67203,0
46628,0
46614,0
97071,0
60447,0
30265,0
76065,0
22039,0
11552,0
L4B2M,0
L6C0J,0
23801,0
732-0,0
10033,0
81521,0
75069,0
33904,0
40223,0
11357,0
14568,0
183-0,0
894-0,0
62338,0
23220,0
32616,0
99587,0
7830,0
674-0,0
35806,0
54303,0
98649,0
99016,0
59858,0
22601,0
10035,0
31405,0
61851,0
76155,0
75067,0
66227,0
99674,0
53717,0
167-0,0
230-0,0
48375,0
37207,0
299-4,0
95045,0
77406,0
57601,0
131-0,0
62901,0
61201,0
T8A2R,0
98229,0
75023,0
97236,0
80403,0
56484,0
64089,0
64108,0
64098,0
2493,0
80038,0
206-0,0
95405,0
V1W3Z,0
11720,0
81608,0
810-0,0
59714,0
34103,0
33012,0
95637,0
45891,0
62223,0
62220,0
70634,0
71301,0
95543,0
91395,0
47150,0
532,0
532-0,0
110-7,0
S6V0Y,0
S0M1C,0
32931,0
99205,0
96665,0
11432,0
32607,0
84047,0
39056,0
36542,0
36609,0
96846,0
54914,0
46825,0
66027,0
34238,0
19033,0
84171,0
2860,0
94126,0
84723,0
52556,0
29630,0
81023,0
7100,0
55318,0
55387,0
82001,0
78747,0
36856,0
36869,0
36870,0
80019,0
37367,0
99923,0
30540,0
49670,0
12484,0
21015,0
345,0
73705,0
11105,0
11375,0
43447,0
11520,0
40033,0
53219,0
12208,0
9459,0
9009,0
99576,0
49234,0
54161,0
87710,0
2893,0
60062,0
65775,0
32826,0
20650,0
67002,0
32169,0
56187,0
27587,0
20176,0
92352,0
21133,0
2807,0
2904,0
8054,0
70447,0
51054,0
73020,0
79915,0
26033,0
31909,0
46062,0
46229,0
80107,0
84042,0
2818,0
57032,0
58503,0
97838,0
97524,0
93428,0
49033,0
94038,0
32566,0
91020,0
48507,0
45215,0
33901,0
80807,0
60564,0
11704,0
34655,0
76248,0
44410,0
1905,0
59468,0
83002,0
80236,0
97358,0
44212,0
8028,0
19134,0
98547,0
94948,0
19711,0
49302,0
21702,0
72023,0
7828,0
8865,0
10510,0
87031,0
17363,0
55057,0
17361,0
34771,0
1501,0
30236,0
91208,0
64130,0
99403,0
85544,0
35010,0
37091,0
48310,0
48314,0
12552,0
49004,0
97230,0
28369,0
93448,0
7876,0
77546,0
97333,0
23430,0
54401,0
60069,0
60045,0
44647,0
52806,0
52768,0
31210,0
98922,0
11207,0
44251,0
28227,0
53132,0
98331,0
7735,0
72714,0
85078,0
61548,0
81008,0
76230,0
96035,0
37015,0
19125,0
95323,0
49456,0
60130,0
11210,0
37190,0
60002,0
60423,0
60539,0
60140,0
86440,0
2748,0
1913,0
33953,0
93930,0
77340,0
46350,0
60565,0
95503,0
60137,0
97760,0
55120,0
19344,0
60633,0
33570,0
49029,0
94083,0
53212,0
54829,0
48174,0
37849,0
19006,0
46319,0
53405,0
80007,0
60462,0
23504,0
29407,0
61761,0
19475,0
19606,0
93529,0
80451,0
97850,0
67214,0
67056,0
30038,0
85350,0
85551,0
33302,0
48393,0
46530,0
93013,0
38372,0
42351,0
55303,0
55330,0
54025,0
55082,0
25515,0
50317,0
50325,0
50003,0
1570,0
54455,0
78729,0
78737,0
33176,0
95948,0
83544,0
29835,0
57719,0
37377,0
66214,0
98260,0
23692,0
43537,0
84321,0
84332,0
96879,0
80504,0
54601,0
63670,0
54701,0
21771,0
30680,0
30215,0
89519,0
90038,0
7750,0
68510,0
68516,0
97022,0
74080,0
72602,0
53718,0
53590,0
97009,0
97523,0
79070,0
78023,0
45323,0
56229,0
97364,0
88311,0
57501,0
68503,0
83545,0
3053,0
68132,0
2186,0
80231,0
68124,0
20646,0
92059,0
56296,0
56248,0
45872,0
48085,0
74133,0
74055,0
29404,0
84040,0
54205,0
60085,0
60060,0
59901,0
63501,0
39150,0
46979,0
20170,0
20177,0
9715,0
49247,0
81253,0
34145,0
34146,0
66224,0
67209,0
67235,0
60706,0
11789,0
56468,0
49855,0
74145,0
60532,0
98377,0
76137,0
55364,0
33114,0
55343,0
27588,0
50219,0
55341,0
97601,0
96091,0
64118,0
64106,0
64154,0
3109,0
92581,0
1071,0
60192,0
55416,0
14226,0
14760,0
53142,0
77480,0
75758,0
68022,0
80861,0
60012,0
38357,0
54212,0
54656,0
84081,0
96350,0
96362,0
32259,0
37343,0
78801,0
6451,0
6371,0
60102,0
46112,0
93464,0
75495,0
7203,0
55016,0
55033,0
10301,0
66030,0
22655,0
79707,0
66226,0
97322,0
12833,0
87417,0
55125,0
13753,0
95635,0
32003,0
79101,0
79119,0
10605,0
2302,0
2333,0
62012,0
62896,0
80111,0
58438,0
95497,0
12209,0
62702,0
62711,0
50061,0
4938,0
85060,0
22602,0
76667,0
61231,0
61276,0
46561,0
2338,0
95444,0
65737,0
46142,0
47513,0
92583,0
22504,0
56465,0
97487,0
89432,0
1944,0
1938,0
93638,0
95703,0
18371,0
92065,0
97707,0
98010,0
89061,0
10701,0
2358,0
49701,0
79932,0
72206,0
44641,0
43528,0
85641,0
84050,0
8502,0
44133,0
95006,0
44087,0
67752,0
99037,0
11787,0
12589,0
10987,0
74132,0
74037,0
95655,0
4862,0
55116,0
5677,0
73132,0
13132,0
67672,0
55355,0
56031,0
97329,0
97345,0
22301,0
33411,0
15237,0
80631,0
80528,0
64670,0
27629,0
83644,0
76108,0
60506,0
68137,0
46385,0
60175,0
53095,0
8016,0
61053,0
98550,0
38053,0
46342,0
37027,0
49321,0
11010,0
11757,0
60586,0
60544,0
6611,0
98380,0
86033,0
80542,0
75062,0
76207,0
67361,0
21040,0
19136,0
90031,0
53189,0
82301,0
95322,0
64730,0
64083,0
55021,0
80234,0
97426,0
80535,0
14519,0
K4P1J,0
62545,0
61550,0
95017,0
44030,0
19131,0
53964,0
48854,0
50563,0
14590,0
45014,0
81331,0
46227,0
46224,0
70053,0
79105,0
98273,0
3257,0
99353,0
42431,0
71241,0
94604,0
6759,0
95461,0
54967,0
54965,0
30157,0
95542,0
23434,0
25425,0
92371,0
98035,0
20711,0
15010,0
14131,0
49436,0
54935,0
54937,0
47715,0
54301,0
7032,0
55448,0
56580,0
44134,0
33903,0
76060,0
73130,0
46168,0
39083,0
30080,0
99223,0
91903,0
91943,0
64137,0
68949,0
59644,0
L7T4K,0
78028,0
65767,0
34117,0
31773,0
97541,0
73533,0
27703,0
23237,0
15801,0
56010,0
93702,0
66618,0
91912,0
31411,0
60445,0
17007,0
23111,0
95665,0
82240,0
20885,0
76020,0
49920,0
57531,0
54304,0
45242,0
67505,0
43228,0
45370,0
41042,0
6492,0
63141,0
56522,0
37188,0
48506,0
17552,0
21146,0
20877,0
32963,0
34949,0
46574,0
60061,0
60081,0
33076,0
7751,0
59634,0
59701,0
95364,0
56560,0
93430,0
95627,0
23664,0
60030,0
83442,0
12781,0
12740,0
12765,0
93451,0
96092,0
5491,0
73044,0
6042,0
48756,0
53813,0
53809,0
15143,0
48072,0
55068,0
94037,0
54847,0
97023,0
60510,0
8873,0
45226,0
97208,0
72503,0
97076,0
84791,0
31404,0
46237,0
9056,0
27332,0
27306,0
63110,0
33967,0
66401,0
32878,0
87504,0
92023,0
27012,0
66610,0
1602,0
77351,0
90011,0
98111,0
93926,0
75663,0
75650,0
90014,0
80536,0
80545,0
46706,0
77006,0
92204,0
97381,0
4092,0
64004,0
64114,0
97267,0
98648,0
76708,0
46845,0
80833,0
80110,0
78248,0
71943,0
22151,0
2176,0
38122,0
M3M1G,0
39074,0
33141,0
33020,0
63116,0
24139,0
84003,0
33596,0
33484,0
53704,0
55409,0
23347,0
28594,0
67467,0
99326,0
3836,0
17111,0
92165,0
33804,0
50311,0
14591,0
32192,0
34471,0
11758,0
97394,0
70554,0
8734,0
7722,0
21037,0
28117,0
11209,0
32257,0
54813,0
47591,0
31315,0
88312,0
3063,0
84741,0
56215,0
98668,0
61615,0
38572,0
98324,0
33319,0
38355,0
61254,0
V8Y2L,0
V8X1J,0
V8P3B,0
76053,0
65109,0
44116,0
3033,0
87551,0
87181,0
41048,0
47112,0
78045,0
99520,0
12118,0
34772,0
41572,0
28146,0
20044,0
10710,0
14526,0
72641,0
13208,0
35805,0
31537,0
15226,0
15234,0
85924,0
56384,0
56307,0
1742,0
6903,0
9834,0
55940,0
31808,0
89016,0
6883,0
6880,0
53824,0
23833,0
21218,0
33623,0
33617,0
98508,0
1776,0
6062,0
80307,0
1240,0
60466,0
46361,0
34101,0
32168,0
90021,0
87829,0
87119,0
13339,0
11932,0
20017,0
27317,0
37802,0
44241,0
24551,0
71913,0
47446,0
71106,0
2180,0
98947,0
68157,0
59715,0
15417,0
42301,0
20190,0
30510,0
30523,0
22025,0
77954,0
97110,0
76202,0
7666,0
30338,0
9123,0
1060,0
1027,0
65536,0
66204,0
98022,0
V2A8L,0
2062,0
37183,0
19607,0
61726,0
20110,0
84044,0
KT11 ,0
42633,0
97814,0
19149,0
19106,0
79935,0
3833,0
25314,0
6896,0
97133,0
1267,0
91614,0
93613,0
32082,0
83112,0
33702,0
35756,0
47710,0
80246,0
32781,0
1890,0
87740,0
96860,0
20124,0
88005,0
75063,0
11598,0
28792,0
1543,0
96337,0
78802,0
98671,0
55112,0
75040,0
53233,0
27936,0
7109,0
8846,0
34482,0
45424,0
62521,0
44124,0
34211,0
24015,0
83816,0
48176,0
79036,0
25428,0
94570,0
97204,0
24120,0
19007,0
65548,0
87196,0
32547,0
48070,0
49047,0
83405,0
96829,0
90633,0
99511,0
77347,0
98294,0
92166,0
19422,0
27519,0
62626,0
74170,0
80010,0
67901,0
12065,0
7306,0
89801,0
25401,0
25405,0
15136,0
11231,0
32130,0
39601,0
337,0
18240,0
2912,0
92711,0
46256,0
30519,0
5736,0
32666,0
2120,0
2445,0
98951,0
79542,0
28732,0
72758,0
32312,0
80443,0
9391,0
45069,0
19105,0
63119,0
63366,0
32503,0
10580,0
83856,0
1545,0
10545,0
78003,0
32084,0
98228,0
30127,0
28637,0
15108,0
98261,0
98039,0
45387,0
48104,0
65441,0
1701,0
33486,0
42456,0
98284,0
33776,0
95485,0
88220,0
85318,0
69337,0
72654,0
29681,0
43920,0
86339,0
98071,0
36532,0
30309,0
30354,0
30329,0
70112,0
31707,0
18015,0
80454,0
8210,0
22314,0
53575,0
3229,0
78335,0
85622,0
70004,0
20108,0
92036,0
92004,0
1854,0
15044,0
84079,0
84078,0
80162,0
97086,0
98401,0
3844,0
97462,0
7303,0
96369,0
58704,0
31602,0
35976,0
70583,0
94614,0
52404,0
28226,0
7901,0
7940,0
2152,0
23455,0
17602,0
2903,0
11490,0
17046,0
17042,0
17073,0
V5H2R,0
82009,0
82003,0
84005,0
75025,0
36117,0
44406,0
23009,0
30809,0
60654,0
81428,0
33043,0
33634,0
81504,0
43065,0
54220,0
53004,0
83712,0
98856,0
27316,0
7450,0
15701,0
80550,0
7010,0
60176,0
37405,0
62269,0
49879,0
77380,0
97451,0
97339,0
19001,0
78249,0
33480,0
99635,0
79415,0
37388,0
67633,0
67665,0
GERMA,0
60053,0
59802,0
98418,0
51105,0
54932,0
L1T3C,0
53045,0
N6H5N,0
N6G5G,0
98664,0
21619,0
46226,0
63123,0
T3L2H,0
V1V2R,0
77433,0
37864,0
37862,0
40105,0
98245,0
77081,0
37072,0
37186,0
45154,0
45171,0
89414,0
51334,0
670,0
3245,0
7730,0
28110,0
28170,0
81123,0
37604,0
81147,0
87549,0
14821,0
8270,0
85740,0
94119,0
60606,0
29223,0
95534,0
33040,0
76513,0
411-0,0
47714,0
45431,0
80488,0
96037,0
33762,0
34280,0
28602,0
20784,0
99207,0
89019,0
89136,0
60084,0
20905,0
92049,0
76648,0
86334,0
70605,0
59911,0
80924,0
33951,0
56678,0
98666,0
46617,0
66032,0
40037,0
30332,0
98579,0
32211,0
921-8,0
2343,0
49036,0
85321,0
93423,0
72404,0
22967,0
19073,0
19063,0
92284,0
12206,0
24501,0
146-0,0
6482,0
55414,0
22124,0
96283,0
52242,0
35236,0
91115,0
37683,0
V0G1B,0
99185,0
19707,0
19348,0
WA143,0
83716,0
28212,0
33772,0
64093,0
13491,0
31558,0
60567,0
37415,0
19403,0
9620,0
37664,0
32277,0
60442,0
10458,0
21703,0
77069,0
60585,0
20602,0
20603,0
53536,0
60000,0
40229,0
95415,0
21224,0
49424,0
THAIL,0
65689,0
85502,0
420,0
420,0
V9P2P,0
16803,0
91376,0
30263,0
33014,0
20705,0
12108,0
14810,0
48323,0
63301,0
78653,0
37412,0
34450,0
48162,0
48107,0
96446,0
56111,0
4108,0
61275,0
98194,0
106-0,0
98077,0
32541,0
130,0
12919,0
13214,0
13224,0
11050,0
52402,0
20010,0
228-0,0
215-0,0
23603,0
58705,0
95689,0
47872,0
32820,0
32708,0
62704,0
62712,0
510-0,0
15217,0
96161,0
29206,0
CR05R,0
71953,0
71937,0
55902,0
45036,0
45640,0
35100,0
171,0
565-0,0
545,0
162-0,0
98363,0
6037,0
6023,0
67206,0
97286,0
32940,0
48234,0
20005,0
11213,0
V0C1V,0
279 0,0
73572,0
11225,0
84737,0
2484,0
2484,0
29926,0
R3N0Y,0
57106,0
81623,0
63736,0
56571,0
55425,0
20855,0
96348,0
32303,0
76249,0
89815,0
81602,0
V7L2T,0
V7P1C,0
V3N2S,0
V3M5E,0
32526,0
V6Y3E,0
97331,0
90122,0
903-0,0
791-0,0
1702,0
29707,0
83404,0
10550,0
10466,0
10704,0
11741,0
45209,0
67215,0
16731,0
60106,0
60007,0
45240,0
V3K4N,0
8092,0
29621,0
72774,0
64870,0
55912,0
99701,0
81524,0
99652,0
78056,0
73115,0
T2C4H,0
92799,0
24060,0
32832,0
48066,0
790-0,0
9630,0
29710,0
99031,0
V9Z1A,0
80163,0
55344,0
97032,0
669-0,0
93453,0
99328,0
30705,0
77354,0
73160,0
73159,0
73139,0
22066,0
23704,0
55108,0
27377,0
28613,0
74464,0
2140,0
30325,0
32909,0
59772,0
272-0,0
99224,0
13090,0
18834,0
18847,0
84341,0
K1L5V,0
99802,0
33785,0
57000,0
57300,0
61455,0
34758,0
10113,0
85708,0
23665,0
41011,0
22401,0
113-0,0
EH12 ,0
37205,0
34690,0
71603,0
32043,0
65203,0
65202,0
12,0
612-1,0
612-0,0
22046,0
55804,0
10400,0
78750,0
3275,0
37865,0
9716,0
34981,0
84058,0
37010,0
44145,0
77059,0
35630,0
30548,0
34135,0
30145,0
19138,0
T8G1H,0
T8G1G,0
T6H4Y,0
29401,0
33136,0
21236,0
21231,0
95696,0
49085,0
46615,0
68127,0
19064,0
8221,0
8234,0
96662,0
34292,0
31082,0
7605,0
11219,0
98672,0
67460,0
13509,0
63069,0
180-0,0
36505,0
36525,0
351-0,0
55123,0
95247,0
54300,0
V9R3Y,0
27865,0
62305,0
28217,0
46217,0
83860,0
12450,0
12866,0
143-0,0
143,0
75204,0
85387,0
342,0
321-0,0
730,0
30134,0
32236,0
47630,0
84062,0
10120,0
44072,0
80937,0
32409,0
98504,0
87592,0
10996,0
145,0
33157,0
T3C3M,0
T3C3W,0
9035,0
92142,0
930-0,0
V0N3A,0
2099,0
2096,0
2096,0
BANGL,0
DHAKA,0
52557,0
99567,0
96370,0
60660,0
305-0,0
83852,0
7039,0
99113,0
84102,0
37067,0
37174,0
63869,0
3784,0
84651,0
V6N1B,0
V6K3S,0
10111,0
343-0,0
41317,0
33256,0
J4B6B,0
92170,0
6379,0
491-0,0
93705,0
54001,0
83605,0
53083,0
V0E2V,0
76182,0
4828,0
260-0,0
91502,0
92408,0
V9N9T,0
98015,0
94129,0
95056,0
86338,0
P7G1B,0
7920,0
682-0,0
68505,0
33496,0
53072,0
38125,0
38119,0
38632,0
94707,0
30028,0
92607,0
19958,0
19968,0
831,0
55076,0
32958,0
44492,0
15216,0
67864,0
67846,0
V0G1A,0
V1L4K,0
V1L2C,0
V0G1M,0
V1L2S,0
V1L4V,0
V5J2G,0
95853,0
80238,0
30248,0
34476,0
2921,0
V0R2H,0
96019,0
87108,0
55105,0
32444,0
17106,0
1605,0
21204,0
98589,0
4225,0
4225,0
4223,0
4223,0
30296,0
29588,0
12860,0
20832,0
1609,0
97211,0
22408,0
95464,0
91785,0
20126,0
30093,0
30340,0
30041,0
2746,0
2745,0
91102,0
29033,0
29169,0
31000,0
36104,0
36022,0
98213,0
98013,0
380-0,0
98591,0
55417,0
13210,0
53205,0
20903,0
59401,0
V5A4X,0
49525,0
60491,0
10001,0
40222,0
70364,0
70360,0
70361,0
96059,0
V0H1T,0
55407,0
46725,0
28398,0
70437,0
29550,0
87317,0
261-0,0
60154,0
92061,0
84513,0
28516,0
14627,0
80935,0
35405,0
81631,0
33756,0
63552,0
63102,0
63101,0
48840,0
22305,0
99588,0
33314,0
97341,0
29016,0
68731,0
20148,0
63901,0
63401,0
97118,0
98626,0
11937,0
11975,0
11772,0
V4A9T,0
V3S6V,0
19904,0
55615,0
99633,0
6820,0
6877,0
20195,0
99509,0
98063,0
70734,0
28791,0
39180,0
80227,0
9998,0
37341,0
37363,0
75097,0
44483,0
1201,0
33139,0
2215,0
2113,0
33919,0
97403,0
33445,0
33304,0
33334,0
91962,0
95518,0
59847,0
45320,0
44136,0
78748,0
71457,0
6019,0
2171,0
77521,0
96303,0
72616,0
92623,0
14052,0
95442,0
10964,0
96017,0
27617,0
8121,0
8121,0
93205,0
13215,0
97024,0
10956,0
98354,0
91346,0
91901,0
48813,0
75150,0
98587,0
V7A2R,0
569-1,0
77662,0
80219,0
2121,0
2121,0
T9W1T,0
27511,0
78154,0
77068,0
2142,0
92536,0
32092,0
81004,0
73120,0
27614,0
78014,0
75460,0
T7Z1X,0
99204,0
94188,0
90074,0
50240,0
77861,0
94104,0
30019,0
90089,0
43450,0
80306,0
63143,0
63126,0
80526,0
55420,0
82636,0
91944,0
94644,0
74571,0
74953,0
71921,0
27715,0
95406,0
51030,0
51106,0
V9P1S,0
V6J2E,0
V6R4J,0
49783,0
28786,0
28751,0
33331,0
98403,0
32413,0
32550,0
861-3,0
78055,0
87827,0
66650,0
50316,0
76308,0
802,0
468,0
93664,0
30017,0
30533,0
51,0
44471,0
73107,0
26041,0
1982,0
76272,0
72619,0
26555,0
81620,0
53965,0
54016,0
27011,0
90058,0
42101,0
7087,0
140-0,0
414-0,0
98625,0
98674,0
75633,0
V1W3C,0
33412,0
20024,0
50480,0
33404,0
33477,0
48084,0
235,0
2769,0
2769,0
2871,0
45140,0
153-0,0
33542,0
861-8,0
860-0,0
87557,0
29902,0
32176,0
80482,0
136,0
132-0,0
87502,0
95932,0
32136,0
97308,0
97449,0
97759,0
68701,0
43215,0
5075,0
39567,0
49060,0
70056,0
72116,0
72205,0
83701,0
2364,0
40403,0
32570,0
14857,0
14840,0
32835,0
75605,0
85630,0
28753,0
89132,0
51905,0
519-0,0
2600,0
2600,0
21054,0
31820,0
86322,0
66202,0
IROJ,0
7900,0
562-0,0
66783,0
68108,0
77979,0
14610,0
1805,0
1805,0
32669,0
157-0,0
57332,0
28711,0
77316,0
2061,0
141-1,0
651,0
82300,0
823-0,0
32097,0
38058,0
92088,0
60011,0
16050,0
245-0,0
11249,0
52594,0
108,0
34491,0
32071,0
75039,0
249-0,0
1311,0
793,0
624,0
740,0
740,0
33584,0
6071,0
6095,0
6096,0
10,0
222-0,0
-73,0
2162,0
94927,0
33018,0
28771,0
63124,0
66514,0
3084,0
3047,0
29576,0
V0J1E,0
92333,0
83246,0
V9B1Y,0
270-1,0
40204,0
39170,0
30187,0
M4E3C,0
21093,0
6259,0
6234,0
54313,0
2011,0
95320,0
78381,0
7028,0
89413,0
V7R2M,0
V7R1Y,0
V7J3G,0
V7P3B,0
35553,0
35631,0
23114,0
23224,0
8202,0
18977,0
2606,0
2606,0
500,0
79830,0
78624,0
33870,0
48009,0
54548,0
32311,0
76109,0
485,0
492,0
492,0
854,0
37379,0
83805,0
177,0
22303,0
53706,0
M9C4W,0
98236,0
10404,0
90209,0
225,0
V6R4L,0
M5H3B,0
M5C2C,0
L3T5W,0
98546,0
38343,0
L9Z2S,0
801,0
12758,0
75563,0
84720,0
42,0
105-0,0
2110,0
890-0,0
722-2,0
92619,0
V0P1N,0
96073,0
99706,0
263-0,0
97471,0
30750,0
153,0
6378,0
S0G3C,0
HM11,0
33132,0
34109,0
10601,0
550-0,0
107-0,0
78757,0
31200,0
312,0
312-0,0
QLD 4,0
59739,0
14050,0
68787,0
194,0
13439,0
32217,0
77477,0
142,0
6500,0
78268,0
89803,0
76134,0
78827,0
65717,0
76706,0
28630,0
20117,0
97720,0
55306,0
55337,0
63129,0
41015,0
9354,0
9378,0
31406,0
66206,0
27208,0
12121,0
52246,0
46841,0
29687,0
95347,0
85007,0
34639,0
257,0
921,0
76013,0
95955,0
84403,0
84119,0
11960,0
55024,0
49002,0
49009,0
92615,0
95629,0
95410,0
86324,0
32922,0
77447,0
58785,0
V5C2S,0
V5H2M,0
95934,0
95982,0
95469,0
2038,0
6614,0
95077,0
92193,0
96595,0
24426,0
93942,0
81432,0
89513,0
62954,0
2879,0
85271,0
29419,0
34715,0
78744,0
39401,0
155-0,0
81637,0
34219,0
87531,0
60554,0
74014,0
95692,0
V1W3S,0
95269,0
24641,0
24212,0
247-0,0
64055,0
95617,0
V9W5M,0
X1A2R,0
X1A2N,0
6473,0
1749,0
77842,0
V4A9V,0
T3C2Z,0
59923,0
7755,0
95201,0
662-8,0
81224,0
55446,0
G1R3X,0
950-0,0
T8G2C,0
33034,0
56669,0
72632,0
13673,0
85606,0
96264,0
5445,0
24503,0
53121,0
73078,0
15101,0
15202,0
75225,0
355-0,0
87025,0
55578,0
23605,0
19288,0
72032,0
28801,0
60555,0
13400,0
67114,0
23606,0
23669,0
33145,0
95316,0
2657,0
71232,0
46131,0
37601,0
27103,0
27041,0
22209,0
98815,0
54755,0
55304,0
76111,0
33713,0
39520,0
38478,0
14224,0
89440,0
74344,0
11233,0
81621,0
5740,0
53188,0
37153,0
3122,0
95467,0
36106,0
9645,0
95113,0
33444,0
25304,0
70301,0
43935,0
96087,0
38637,0
11901,0
5401,0
5402,0
81019,0
98686,0
97845,0
97738,0
4116,0
4106,0
85366,0
87153,0
43064,0
91978,0
48911,0
30179,0
22205,0
71291,0
063-0,0
48356,0
9369,0
44504,0
83617,0
99026,0
8046,0
33408,0
33066,0
N6K1B,0
N6H0G,0
93011,0
93515,0
20707,0
3179,0
3179,0
G1S4N,0
34480,0
20744,0
125-0,0
18470,0
252,0
71110,0
82070,0
29615,0
55604,0
20879,0
37206,0
11364,0
284-0,0
50180,0
22206,0
11580,0
73506,0
73083,0
95152,0
33837,0
61820,0
7719,0
81419,0
60629,0
20623,0
7621,0
7054,0
46814,0
29484,0
29307,0
44001,0
91333,0
79835,0
77591,0
85272,0
85172,0
91077,0
84735,0
84757,0
77651,0
33523,0
27533,0
27530,0
47130,0
2129,0
1830,0
2066,0
2066,0
9250,0
65473,0
226,0
95465,0
94039,0
81003,0
18109,0
93044,0
92033,0
23509,0
33709,0
97063,0
48235,0
8406,0
8751,0
20175,0
2900,0
2900,0
5822,0
34613,0
V8K1J,0
V8K0A,0
19054,0
11200,0
112-0,0
V7E6E,0
S7M5E,0
93645,0
2611,0
95053,0
285-0,0
83850,0
98858,0
8805,0
53210,0
56097,0
573,0
7307,0
27539,0
11746,0
9088,0
9067,0
15200,0
V7V3K,0
V7K2L,0
12563,0
15206,0
463-8,0
135-7,0
47403,0
11934,0
33417,0
95589,0
94923,0
95486,0
29210,0
V2C5K,0
98564,0
5042,0
195-0,0
93602,0
93651,0
2135,0
99761,0
76117,0
53211,0
53202,0
24054,0
23439,0
21220,0
60805,0
85902,0
49684,0
49965,0
49916,0
95383,0
97486,0
60487,0
95360,0
36660,0
52326,0
50677,0
14094,0
S7L3K,0
S7N2H,0
910-0,0
37813,0
56359,0
422,0
31908,0
88200,0
95433,0
10290,0
11235,0
2238,0
2108,0
11011,0
96938,0
77303,0
19090,0
27523,0
94584,0
35801,0
22972,0
92168,0
M6H2Z,0
M6H4K,0
96939,0
4285,0
77266,0
75287,0
87594,0
1902,0
82005,0
23112,0
23235,0
55418,0
11754,0
6052,0
17543,0
17110,0
7067,0
7764,0
68757,0
68071,0
3034,0
28804,0
33326,0
80232,0
80433,0
7042,0
842,0
824,0
34451,0
33734,0
98855,0
35127,0
34741,0
96858,0
6409,0
6070,0
17-00,0
75235,0
30622,0
33428,0
90427,0
20037,0
82710,0
241-0,0
2024,0
2024,0
669-5,0
15229,0
27705,0
76112,0
78563,0
93960,0
65017,0
96620,0
79772,0
79735,0
98531,0
19154,0
68601,0
47522,0
6157,0
6157,0
4276,0
29680,0
14092,0
20172,0
23690,0
98064,0
55106,0
8084,0
92227,0
30004,0
5300,0
5300,0
V9A6N,0
77335,0
98114,0
98068,0
92198,0
96959,0
77573,0
520-0,0
44514,0
33736,0
45371,0
11566,0
64011,0
98328,0
7110,0
98291,0
82935,0
48075,0
92159,0
18704,0
57059,0
61938,0
49453,0
48134,0
95458,0
701-0,0
74425,0
32754,0
1650,0
1650,0
32937,0
V8N5W,0
12455,0
604-8,0
18914,0
18901,0
25309,0
25165,0
50127,0
984-0,0
15235,0
81055,0
6010,0
57744,0
34841,0
56661,0
92329,0
96844,0
46637,0
21202,0
98439,0
14741,0
14706,0
45406,0
45402,0
9593,0
75667,0
77060,0
40121,0
44074,0
T3Z3N,0
95241,0
10804,0
979,0
6854,0
6907,0
C1B1J,0
C1A6Z,0
60203,0
95560,0
59027,0
95044,0
43526,0
45229,0
42240,0
33155,0
6053,0
62002,0
33810,0
68136,0
60434,0
91109,0
93647,0
1886,0
3051,0
44428,0
6024,0
6024,0
174-0,0
30359,0
45504,0
80841,0
76904,0
94979,0
9824,0
78261,0
104-0,0
7008,0
JAPAN,0
56201,0
77531,0
77058,0
8312,0
92929,0
1720,0
42262,0
77038,0
63114,0
63044,0
97231,0
54554,0
65608,0
-37,0
14070,0
2043,0
27510,0
T5R5N,0
11701,0
60181,0
60304,0
60301,0
98251,0
64759,0
20057,0
84118,0
82633,0
59089,0
59270,0
83611,0
4037,0
57005,0
70663,0
84101,0
27949,0
27824,0
60534,0
95313,0
L9G4M,0
L0R1A,0
23200,0
050-0,0
NW8 6,0
HP51D,0
179-0,0
17900,0
V9C3W,0
31008,0
43812,0
44281,0
2614,0
2601,0
88001,0
E8A1R,0
92642,0
4043,0
18938,0
1506,0
34241,0
2554,0
8558,0
97227,0
94937,0
70456,0
46394,0
97036,0
20164,0
21737,0
20762,0
68107,0
35960,0
63017,0
83872,0
99521,0
50158,0
T2M3X,0
97280,0
2913,0
661-0,0
249,0
V4L1S,0
60143,0
V7V1C,0
33613,0
33618,0
33612,0
21001,0
20724,0
40515,0
40503,0
88023,0
399-0,0
48237,0
48348,0
36608,0
29209,0
6340,0
89407,0
32024,0
65560,0
65020,0
99615,0
6333,0
55345,0
92518,0
20774,0
61111,0
99338,0
7644,0
54556,0
32757,0
11218,0
33016,0
12404,0
10452,0
89447,0
63011,0
8820,0
7061,0
60628,0
81323,0
99009,0
85131,0
14305,0
34287,0
76523,0
76533,0
76571,0
V6B2Y,0
V2Y2Z,0
98359,0
27577,0
66109,0
236-0,0
300-1,0
17821,0
17033,0
55429,0
44452,0
5346,0
44720,0
90743,0
2852,0
49504,0
65336,0
8812,0
57747,0
33150,0
59859,0
17320,0
76133,0
45420,0
66102,0
66101,0
85263,0
15106,0
15228,0
1824,0
50014,0
86411,0
19964,0
84,0
84120,0
60653,0
75572,0
95626,0
84310,0
85121,0
66966,0
66901,0
68404,0
75043,0
34607,0
49726,0
83406,0
87412,0
NW87B,0
67218,0
15232,0
V7E4J,0
73110,0
T3M1B,0
T2Z4V,0
T2Z3H,0
65,0
34744,0
154,0
3264,0
76087,0
75024,0
261,0
70543,0
75005,0
8544,0
45650,0
95064,0
137-8,0
99115,0
99604,0
7430,0
1747,0
7422,0
18657,0
2136,0
5408,0
6468,0
75218,0
7424,0
3872,0
85939,0
10030,0
113,0
8212,0
83316,0
53713,0
94621,0
84660,0
70072,0
99658,0
20716,0
76448,0
56013,0
66071,0
63128,0
44092,0
48073,0
27534,0
11570,0
V5C3M,0
46312,0
976,0
7011,0
96368,0
10461,0
9865,0
23464,0
78131,0
510-1,0
7071,0
27927,0
96859,0
72076,0
34222,0
23693,0
31792,0
95724,0
88355,0
87194,0
12987,0
7727,0
53538,0
60631,0
7208,0
48858,0
67869,0
97053,0
79347,0
85123,0
10583,0
57108,0
79015,0
78052,0
64156,0
77331,0
16335,0
10950,0
19380,0
30030,0
29412,0
19428,0
19146,0
78723,0
78724,0
77041,0
86320,0
78016,0
78550,0
75149,0
66006,0
76638,0
4011,0
38401,0
75964,0
93235,0
77581,0
12569,0
12525,0
97114,0
92823,0
97048,0
95388,0
33322,0
3753,0
86005,0
65233,0
91327,0
95798,0
95372,0
18077,0
48638,0
72715,0
32750,0
11793,0
20033,0
182-0,0
35128,0
35125,0
24018,0
4743,0
46556,0
193,0
53066,0
92856,0
11542,0
53719,0
7739,0
7701,0
99518,0
50056,0
46307,0
92678,0
95693,0
77021,0
44484,0
44429,0
904,0
96540,0
94924,0
77901,0
87532,0
27526,0
30828,0
65583,0
51579,0
6606,0
93204,0
75567,0
95334,0
45231,0
48640,0
11790,0
76067,0
14468,0
14580,0
14612,0
33688,0
11705,0
98267,0
24091,0
6119,0
33737,0
18350,0
18347,0
10549,0
4912,0
23229,0
7825,0
7834,0
30066,0
11771,0
18925,0
19438,0
12411,0
34108,0
45255,0
11762,0
35811,0
49001,0
13413,0
53057,0
7410,0
70448,0
70470,0
15241,0
78701,0
6092,0
12498,0
12572,0
87059,0
19807,0
1062,0
60142,0
27264,0
27261,0
27262,0
91118,0
14043,0
2382,0
2066,0
34105,0
34112,0
60173,0
16433,0
70785,0
73101,0
75904,0
76008,0
75901,0
33852,0
95426,0
95457,0
77083,0
74553,0
11516,0
99711,0
10314,0
77028,0
76034,0
33004,0
85076,0
96021,0
95951,0
44314,0
77293,0
88063,0
48202,0
77505,0
76082,0
70342,0
95324,0
44313,0
44303,0
92259,0
92244,0
16502,0
16505,0
16508,0
28301,0
77471,0
9859,0
70508,0
53403,0
99114,0
6459,0
6108,0
30252,0
56387,0
63117,0
17036,0
13501,0
35043,0
134,0
83440,0
18064,0
33193,0
77384,0
77383,0
77009,0
98278,0
7840,0
247,0
49546,0
48415,0
5473,0
5403,0
21227,0
5764,0
20020,0
39443,0
92556,0
92857,0
60160,0
60948,0
21213,0
32751,0
77493,0
43204,0
3904,0
21911,0
33446,0
37830,0
87823,0
79902,0
10034,0
58104,0
12583,0
12409,0
7711,0
1005,0
19802,0
76103,0
87410,0
87402,0
32588,0
8002,0
306,0
14853,0
95231,0
78542,0
33510,0
76116,0
48504,0
48503,0
70601,0
77995,0
46701,0
46723,0
33187,0
76058,0
20613,0
36109,0
36066,0
12518,0
12553,0
33755,0
77530,0
77587,0
90262,0
44144,0
48301,0
V0N2E,0
4567,0
3084,0
3084,0
135-8,0
135-9,0
90263,0
7005,0
66547,0
98937,0
54720,0
97373,0
75833,0
57706,0
98388,0
60450,0
67042,0
94540,0
1969,0
1922,0
58251,0
13323,0
23901,0
12205,0
11727,0
11560,0
11780,0
28570,0
15905,0
33138,0
39047,0
95439,0
23238,0
14445,0
30052,0
30655,0
18045,0
78220,0
92369,0
14424,0
75224,0
9366,0
9330,0
97134,0
39702,0
9104,0
91793,0
72227,0
10514,0
31069,0
76140,0
70599,0
19143,0
19139,0
91917,0
27203,0
31822,0
77539,0
32966,0
45176,0
81226,0
341-0,0
88415,0
19808,0
19934,0
75216,0
14830,0
76642,0
55305,0
77258,0
10465,0
97404,0
38449,0
76705,0
79501,0
23930,0
49058,0
49333,0
14085,0
68130,0
8750,0
49696,0
49203,0
75472,0
75401,0
83314,0
11212,0
77872,0
2864,0
18705,0
98252,0
20619,0
95903,0
60542,0
78044,0
50501,0
79976,0
7305,0
44311,0
35768,0
114-0,0
32571,0
33042,0
2828,0
T2V4Z,0
71220,0
39653,0
33708,0
8003,0
45430,0
45309,0
344-0,0
340-0,0
61102,0
61104,0
2478,0
87731,0
2169,0
2269,0
1202,0
44026,0
97004,0
76524,0
59460,0
23061,0
23089,0
89301,0
37222,0
8618,0
43221,0
36564,0
36526,0
59647,0
60043,0
96521,0
45729,0
73703,0
11950,0
28411,0
35959,0
16407,0
93544,0
58102,0
58103,0
56514,0
15000,0
74827,0
96321,0
56003,0
731,0
728,0
14609,0
14502,0
44234,0
V6N2L,0
60410,0
49038,0
93268,0
97423,0
48054,0
50263,0
18603,0
18635,0
60115,0
33185,0
20607,0
74702,0
46311,0
77833,0
74501,0
71446,0
12534,0
86337,0
95002,0
19026,0
7726,0
10922,0
76550,0
45066,0
43054,0
96922,0
37323,0
38109,0
49417,0
8534,0
47203,0
45409,0
59301,0
54230,0
44432,0
59829,0
65321,0
76054,0
11967,0
90224,0
95345,0
8027,0
91980,0
14304,0
20132,0
16188,0
30360,0
93931,0
61801,0
96663,0
75032,0
95971,0
2282,0
2282,0
72067,0
72719,0
46565,0
6749,0
83703,0
56183,0
64119,0
64061,0
76126,0
60172,0
34638,0
48236,0
93279,0
97735,0
53406,0
32631,0
52728,0
85936,0
T2V0K,0
R2M2P,0
83120,0
189-0,0
3861,0
70737,0
807,0
V4T2J,0
4306,0
22101,0
H2R2R,0
45217,0
45236,0
3307,0
B2A3M,0
93450,0
96936,0
37659,0
48111,0
99213,0
61282,0
34481,0
25414,0
94548,0
7762,0
56178,0
37771,0
6488,0
84104,0
80483,0
43068,0
50327,0
48462,0
98394,0
T0K0K,0
1331,0
1453,0
95220,0
37932,0
9140,0
T2M3C,0
98249,0
11,0
20012,0
V9P9B,0
63565,0
74075,0
74021,0
32858,0
2539,0
80109,0
V6R1S,0
99693,0
26062,0
10044,0
V8S5L,0
VOR2P,0
94915,0
93504,0
99023,0
70067,0
59872,0
98061,0
11935,0
98936,0
97106,0
98628,0
52358,0
40205,0
90056,0
80933,0
19508,0
3246,0
3249,0
13790,0
53149,0
30500,0
6705,0
28406,0
V7T1B,0
30132,0
46164,0
12580,0
47620,0
84738,0
61318,0
17347,0
85332,0
83352,0
68823,0
44119,0
37129,0
59741,0
8527,0
92871,0
14860,0
28209,0
30078,0
65619,0
68110,0
77045,0
95686,0
94060,0
84501,0
62959,0
50570,0
V1K1N,0
33328,0
340,0
97103,0
8505,0
V3C1P,0
3062,0
49330,0
22000,0
510,0
N4L1Y,0
34746,0
1238,0
10500,0
99173,0
41018,0
20770,0
76131,0
73170,0
67210,0
CEDEX,0
28310,0
27545,0
28665,0
59403,0
74434,0
83355,0
85061,0
38127,0
46933,0
98848,0
81403,0
10941,0
53051,0
99552,0
50858,0
44320,0
70182,0
28214,0
17603,0
6066,0
47852,0
79010,0
29645,0
92803,0
68901,0
76085,0
76086,0
16208,0
63031,0
74103,0
73103,0
83811,0
48118,0
29611,0
567,0
55047,0
6897,0
28278,0
37334,0
74851,0
50400,0
064-1,0
95728,0
63042,0
85933,0
601,0
95420,0
28574,0
33782,0
27576,0
70544,0
48150,0
49690,0
37831,0
2301,0
99505,0
13121,0
21104,0
66210,0
27823,0
65655,0
78257,0
1450,0
12508,0
815-0,0
709-0,0
95470,0
61611,0
50323,0
94957,0
92391,0
86436,0
76210,0
76226,0
21085,0
4105,0
33812,0
99011,0
66757,0
73113,0
73156,0
47803,0
50139,0
51566,0
30331,0
92846,0
79927,0
88210,0
64152,0
93250,0
78238,0
19010,0
98050,0
34134,0
68131,0
377,0
373-8,0
36518,0
90095,0
79607,0
79541,0
77327,0
46700,0
1028,0
202,0
17055,0
17315,0
2532,0
52761,0
11289,0
32410,0
19709,0
52722,0
10800,0
N6K4H,0
301-0,0
32068,0
14120,0
75134,0
11003,0
17406,0
14217,0
14223,0
4090,0
17004,0
69144,0
32317,0
2458,0
60305,0
67204,0
47546,0
97351,0
79367,0
79423,0
33460,0
745,0
2842,0
370-0,0
76028,0
97475,0
24001,0
51351,0
9016,0
53216,0
240-0,0
40769,0
8204,0
4210,0
96538,0
28357,0
9839,0
48060,0
830,0
46304,0
94028,0
46268,0
40383,0
11104,0
81502,0
18661,0
93232,0
92079,0
92825,0
1524,0
1606,0
1562,0
85552,0
45065,0
43055,0
77078,0
93221,0
46140,0
75158,0
57401,0
81303,0
63084,0
14605,0
513-0,0
39402,0
23417,0
99926,0
4103,0
14067,0
80962,0
963-0,0
311-3,0
460,0
3809,0
97042,0
32025,0
32222,0
45418,0
45439,0
96375,0
6349,0
225-0,0
6830,0
3842,0
35603,0
35601,0
80427,0
55734,0
37774,0
70763,0
35205,0
17074,0
83630,0
74066,0
92531,0
65279,0
77619,0
41094,0
80026,0
92320,0
99606,0
18445,0
67067,0
48035,0
6708,0
V6Z3A,0
61021,0
T6W1V,0
177-0,0
2568,0
27,0
33543,0
4220,0
4220,0
83648,0
213-0,0
V7Y1K,0
95202,0
62225,0
39475,0
93667,0
10454,0
96534,0
95013,0
98353,0
23601,0
13068,0
8360,0
85624,0
30316,0
2455,0
2455,0
73142,0
98024,0
44663,0
56538,0
56531,0
65074,0
18707,0
96537,0
23336,0
8069,0
8098,0
27948,0
570,0
12195,0
51143,0
44149,0
51639,0
95007,0
55744,0
98823,0
44708,0
89721,0
28256,0
28659,0
16635,0
17109,0
16637,0
95653,0
54157,0
93747,0
25177,0
66048,0
32812,0
49010,0
33163,0
V4P0A,0
51537,0
19468,0
669,0
28715,0
50613,0
79760,0
37122,0
63012,0
12839,0
99155,0
83530,0
T6E3W,0
V0N1B,0
37934,0
14020,0
1603,0
2021,0
2339,0
30542,0
10805,0
19101,0
90622,0
65610,0
21635,0
50548,0
72626,0
46766,0
46792,0
49629,0
55311,0
37914,0
94929,0
96055,0
44131,0
21629,0
2619,0
9340,0
46390,0
46391,0
46383,0
70403,0
3801,0
53105,0
62249,0
12220,0
N0H2C,0
61250,0
99737,0
82225,0
47273,0
47232,0
83401,0
95553,0
N0M1T,0
30184,0
53700,0
98526,0
30165,0
40601,0
10700,0
76132,0
76107,0
76114,0
2914,0
95633,0
65032,0
56055,0
83655,0
48117,0
99218,0
19803,0
40353,0
72543,0
99686,0
10512,0
27707,0
99627,0
11223,0
11367,0
85752,0
30058,0
20833,0
55340,0
29617,0
29614,0
80796,0
80639,0
79401,0
15904,0
48302,0
99021,0
60504,0
49341,0
31705,0
2494,0
19973,0
95389,0
67205,0
60452,0
99762,0
68430,0
33437,0
99610,0
98262,0
T6J4T,0
373-0,0
V5Y0C,0
78205,0
75250,0
75275,0
32609,0
3087,0
48116,0
44111,0
44129,0
46514,0
97918,0
81413,0
28585,0
48044,0
1104,0
700-0,0
9539,0
7753,0
190,0
73004,0
8066,0
38016,0
17225,0
2324,0
43004,0
30620,0
37814,0
10576,0
75215,0
2208,0
2208,0
2702,0
2702,0
33432,0
2332,0
V8K1X,0
6117,0
97469,0
286,0
95456,0
272,0
V6B0B,0
45807,0
14062,0
29646,0
32540,0
82443,0
10541,0
13204,0
70126,0
39338,0
97388,0
70005,0
70002,0
90053,0
4473,0
4461,0
99349,0
600,0
20732,0
242-0,0
21100,0
71969,0
76088,0
51109,0
69201,0
67060,0
20773,0
14504,0
8611,0
8344,0
62049,0
11969,0
49012,0
23187,0
150,0
73308,0
73000,0
7642,0
80221,0
932,0
49109,0
45469,0
102-0,0
290,0
43952,0
13465,0
12188,0
62326,0
45405,0
19312,0
10462,0
60302,0
72587,0
99159,0
48328,0
28658,0
45100,0
94953,0
87008,0
77030,0
44280,0
31409,0
NSW20,0
35215,0
96863,0
74074,0
845,0
6339,0
45356,0
20722,0
93022,0
6810,0
99027,0
901-2,0
17000,0
3890,0
WD5 O,0
NR6 5,0
10530,0
22551,0
179,0
15800,0
V1H1J,0
4270,0
63353,0
49461,0
23838,0
61401,0
93255,0
32246,0
136-0,0
1144,0
62535,0
77497,0
77551,0
T6H5R,0
461-0,0
30200,0
556-0,0
18235,0
54520,0
22939,0
62243,0
84722,0
V6T1A,0
V5M3H,0
V4N3L,0
300-0,0
112,0
112,0
84323,0
97014,0
45827,0
64463,0
55126,0
26900,0
21209,0
4352,0
4352,0
19703,0
75234,0
2315,0
2315,0
2318,0
2318,0
286-0,0
B3Z4G,0
B3L2P,0
B3K2B,0
95613,0
46506,0
97409,0
52302,0
97148,0
150-8,0
104-1,0
13868,0
15994,0
1887,0
216-0,0
79544,0
54426,0
57451,0
48186,0
13116,0
L1E2J,0
14420,0
21601,0
V3C6J,0
V3C6E,0
59383,0
V7R3N,0
V0G1Y,0
37738,0
34668,0
3090,0
3090,0
956,0
91507,0
12043,0
T2T0T,0
95173,0
60099,0
5095,0
176,0
020-0,0
59864,0
67213,0
1464,0
T2J4W,0
76110,0
2720,0
167,0
27622,0
904-2,0
518-0,0
80734,0
12586,0
90304,0
87047,0
21200,0
59806,0
43558,0
37804,0
43623,0
44805,0
39507,0
17101,0
17102,0
44106,0
23600,0
98496,0
V1A2Y,0
20015,0
48109,0
V9A7J,0
32008,0
321-3,0
3187,0
88002,0
2359,0
V2Y1R,0
19309,0
55066,0
2050,0
37500,0
32508,0
78362,0
37321,0
71112,0
2751,0
80136,0
4118,0
4118,0
34695,0
V7S1S,0
75790,0
13795,0
L7M0T,0
K1S3R,0
3870,0
33109,0
72762,0
72764,0
T6W0A,0
V6E1E,0
68105,0
V8P2Y,0
T5T1T,0
4209,0
73106,0
221-0,0
75014,0
27966,0
11978,0
36600,0
R3J0R,0
138-7,0
137-1,0
20257,0
233-0,0
23300,0
T6R0H,0
20052,0
15,0
T6R3G,0
21050,0
46408,0
50160,0
12302,0
12304,0
30269,0
T2S0X,0
T3Z2Z,0
463,0
23501,0
114,0
114,0
T3B4C,0
L6T0A,0
98416,0
10588,0
V7L1X,0
T6R2J,0
T3Z1B,0
V9S5V,0
18512,0
2205,0
28159,0
IRELA,0
V5S2K,0
852,0
22911,0
16001,0
47713,0
44460,0
21,0
98464,0
11100,0
64133,0
7206,0
43342,0
11435,0
14600,0
739-0,0
95255,0
30322,0
2148,0
17013,0
93944,0
26542,0
25306,0
26531,0
27708,0
38506,0
30046,0
16400,0
29720,0
29721,0
27834,0
28745,0
33616,0
2184,0
16323,0
33378,0
75022,0
710-0,0
99619,0
66209,0
T2T1G,0
S7J2T,0
430-0,0
V6L1W,0
T6J2C,0
V0N1V,0
593-8,0
551-0,0
V4E3L,0
93244,0
2629,0
V7R3E,0
V6S0A,0
52701,0
47172,0
20685,0
70529,0
V5T1T,0
V8V4Z,0
L4B4B,0
6105,0
V5L1K,0
V5L1W,0
V7J3V,0
37228,0
T8B1M,0
73102,0
V7S2R,0
5046,0
49931,0
2604,0
68128,0
68005,0
65208,0
26669,0
214,0
27201,0
38008,0
T4N2K,0
T4G1G,0
B3K2C,0
V5A4K,0
862-0,0
55806,0
6410,0
87418,0
V4T2R,0
32707,0
1851,0
T2Y4P,0
76702,0
T0G2A,0
97623,0
3085,0
2913,0
T1J1M,0
V9P2Y,0
235-0,0
42420,0
48225,0
84068,0
42066,0
T1R0J,0
92278,0
55378,0
37880,0
7737,0
68114,0
V9B6G,0
L4H0N,0
93246,0
259,0
V4B3E,0
32861,0
145-0,0
60046,0
902-0,0
45701,0
20167,0
30087,0
32514,0
99556,0
W85HQ,0
65806,0
12835,0
21784,0
63362,0
63390,0
4000,0
4000,0
97458,0
23502,0
41105,0
54166,0
2036,0
63025,0
274-0,0
421-0,0
19087,0
77802,0
4102,0
4102,0
V7W1J,0
77077,0
T6T 1,0
75018,0
V9T6B,0
4214,0
20251,0
3186,0
95607,0
V1K1H,0
79602,0
44334,0
92655,0
0X110,0
75103,0
54302,0
V2E1L,0
29729,0
65814,0
641,0
87525,0
E4B0B,0
V3E2Z,0
47857,0
V8N4A,0
32726,0
T3G3N,0
V6M3W,0
617-0,0
610-1,0
T2V4S,0
V7N3H,0
S0G2K,0
12175,0
68822,0
46975,0
T0C2L,0
20714,0
6062,0
6062,0
V5J3M,0
82194,0
V6Z3H,0
T3H5E,0
V4N5A,0
T0M0J,0
T1X1E,0
T6E2V,0
45385,0
91510,0
97375,0
80802,0
592-8,0
73659,0
89111,0
39503,0
56267,0
4005,0
70001,0
95570,0
5465,0
63303,0
T6M2S,0
7960,0
7093,0
31401,0
194-0,0
294-0,0
33140,0
42048,0
181-0,0
11700,0
11000,0
7310,0
852-8,0
27235,0
56006,0
19301,0
302-0,0
311-2,0
M5S1N,0
48071,0
72210,0
18944,0
38801,0
84049,0
V2A4N,0
T6C3X,0
V0H1K,0
93223,0
T3R1C,0
V7C5V,0
T6M2E,0
37135,0
32521,0
R4J1A,0
49103,0
939-2,0
S7V0A,0
V4S1C,0
58849,0
58801,0
V6J1Y,0
V4K1V,0
T2P5N,0
T4S1R,0
V4A1E,0
98702,0
V9C2N,0
R2X1H,0
1908,0
60180,0
33908,0
10282,0
66701,0
80543,0
R3E2L,0
33909,0
840,0
B2W6M,0
V8K1A,0
T4T1K,0
889-1,0
22471,0
T3A6E,0
V7V2N,0
S7H4P,0
S7K3J,0
103-0,0
98253,0
V3M1X,0
55308,0
95947,0
L6J4N,0
V4K4B,0
56537,0
44666,0
11214,0
33626,0
V7J3S,0
60603,0
10471,0
7748,0
28173,0
36266,0
95528,0
V1Y9G,0
V5X2R,0
10330,0
68178,0
H1V2W,0
T2N1X,0
3898,0
R2E0L,0
77304,0
V5C6R,0
V9K2S,0
V6T1C,0
54912,0
T4S2L,0
T8N3L,0
90075,0
97258,0
97207,0
92385,0
92321,0
